sales_key,date_key,customer_key,store_key,product_key,quantity,unit_price,item_discount,line_total,promotion
1,20260715,130,19,14,2,199.76,29.96,339.59,0.00
2,20260821,132,14,12,2,269.11,0.00,538.22,0.00
3,20260813,187,3,16,4,505.66,25.28,1921.51,0.00
4,20260406,60,21,2,4,3061.98,306.20,11023.13,0.00
5,20260629,143,18,35,4,250.64,25.06,902.30,0.00
6,20260804,78,8,35,1,250.64,12.53,238.11,0.00
7,20260107,51,8,22,4,3028.92,0.00,12115.68,0.00
8,20261030,182,22,8,4,1136.39,113.64,4091.00,0.00
9,20260213,49,15,13,5,392.05,0.00,1960.25,0.00
10,20260608,133,20,6,3,572.05,0.00,1716.15,0.00
11,20260507,40,22,8,1,1136.39,113.64,1022.75,0.00
12,20260512,17,4,16,5,505.66,25.28,2401.89,0.00
13,20260614,83,15,35,1,250.64,0.00,250.64,0.00
14,20260820,144,15,6,3,572.05,28.60,1630.34,0.00
15,20260920,15,23,11,5,508.89,0.00,2544.45,0.00
16,20260506,9,5,23,1,16268.02,0.00,16268.02,0.00
17,20260213,146,18,3,3,1046.07,104.61,2824.39,0.00
18,20260721,142,16,31,3,2187.92,109.40,6235.57,0.00
19,20260326,106,14,39,4,1191.21,119.12,4288.36,0.00
20,20260405,167,21,23,1,16268.02,0.00,16268.02,0.00
21,20260712,186,16,31,5,2187.92,0.00,10939.60,0.00
22,20260815,78,20,26,1,4860.09,243.00,4617.09,0.00
23,20260915,132,9,25,2,2914.87,145.74,5538.25,0.00
24,20261014,165,6,27,1,4721.70,708.26,4013.44,0.00
25,20261120,98,17,13,5,392.05,19.60,1862.24,0.00
26,20261124,72,6,30,3,608.05,30.40,1732.94,0.00
27,20261110,81,14,13,1,392.05,58.81,333.24,0.00
28,20261202,144,16,33,2,529.26,26.46,1005.59,0.00
29,20260529,68,23,37,5,157.45,0.00,787.25,0.00
30,20260612,126,13,21,1,8200.26,0.00,8200.26,0.00
31,20260315,187,13,32,4,4212.19,631.83,14321.45,0.00
32,20261013,12,20,30,3,608.05,0.00,1824.15,0.00
33,20260409,170,24,3,3,1046.07,156.91,2667.48,0.00
34,20261230,127,4,30,3,608.05,30.40,1732.94,0.00
35,20260729,122,1,35,5,250.64,12.53,1190.54,0.00
36,20260904,194,9,18,2,57972.29,0.00,115944.58,0.00
37,20260328,27,9,31,5,2187.92,109.40,10392.62,0.00
38,20260710,148,7,20,1,41369.75,2068.49,39301.26,0.00
39,20260919,61,12,30,2,608.05,0.00,1216.10,0.00
40,20260825,52,11,29,2,807.07,80.71,1452.73,0.00
41,20260603,160,1,8,4,1136.39,170.46,3863.73,0.00
42,20261218,20,9,38,3,1104.26,0.00,3312.78,0.00
43,20260611,51,23,17,3,4838.04,483.80,13062.71,0.00
44,20260930,149,6,3,1,1046.07,104.61,941.46,0.00
45,20261001,22,19,35,3,250.64,0.00,751.92,0.00
46,20261108,129,24,28,2,3150.34,0.00,6300.68,0.00
47,20260626,151,21,39,2,1191.21,0.00,2382.42,0.00
48,20261203,173,8,40,5,633.93,31.70,3011.17,0.00
49,20261231,100,3,6,1,572.05,0.00,572.05,0.00
50,20260228,150,14,39,2,1191.21,119.12,2144.18,0.00
51,20260225,104,2,1,5,1810.89,0.00,9054.45,0.00
52,20260225,117,15,1,3,1810.89,181.09,4889.40,0.00
53,20260409,124,24,29,3,807.07,40.35,2300.15,0.00
54,20260705,121,7,20,3,41369.75,4136.98,111698.32,0.00
55,20261017,52,3,32,5,4212.19,0.00,21060.95,0.00
56,20261014,183,12,12,3,269.11,0.00,807.33,0.00
57,20260611,46,5,30,1,608.05,60.80,547.24,0.00
58,20261104,97,12,34,4,340.25,17.01,1292.95,0.00
59,20260614,134,17,23,3,16268.02,813.40,46363.86,0.00
60,20260709,56,22,5,4,2603.90,260.39,9374.04,0.00
61,20260926,146,6,26,1,4860.09,0.00,4860.09,0.00
62,20260607,13,10,10,1,373.96,0.00,373.96,0.00
63,20260220,86,10,2,3,3061.98,153.10,8726.64,0.00
64,20261116,188,8,26,1,4860.09,486.01,4374.08,0.00
65,20261009,174,15,10,2,373.96,18.70,710.52,0.00
66,20260111,24,20,19,5,18972.21,2845.83,80631.89,0.00
67,20260218,109,23,27,2,4721.70,472.17,8499.06,0.00
68,20260731,45,8,4,5,703.29,0.00,3516.45,0.00
69,20260521,136,13,25,5,2914.87,145.74,13845.63,0.00
70,20260428,108,16,20,5,41369.75,2068.49,196506.31,0.00
71,20260907,69,4,38,2,1104.26,0.00,2208.52,0.00
72,20260222,189,18,2,1,3061.98,306.20,2755.78,0.00
73,20260201,91,4,9,5,278.18,0.00,1390.90,0.00
74,20260313,53,14,35,4,250.64,12.53,952.43,0.00
75,20260720,69,9,21,4,8200.26,820.03,29520.94,0.00
76,20260831,75,1,30,2,608.05,30.40,1155.29,0.00
77,20261008,107,6,20,4,41369.75,2068.49,157205.05,0.00
78,20260825,40,10,39,1,1191.21,0.00,1191.21,0.00
79,20260513,26,6,11,2,508.89,0.00,1017.78,0.00
80,20260608,93,13,29,4,807.07,0.00,3228.28,0.00
81,20260921,109,13,28,1,3150.34,157.52,2992.82,0.00
82,20260522,74,2,23,3,16268.02,813.40,46363.86,0.00
83,20260504,157,22,22,5,3028.92,302.89,13630.14,0.00
84,20260723,185,21,33,1,529.26,26.46,502.80,0.00
85,20260901,110,3,31,3,2187.92,218.79,5907.38,0.00
86,20260730,108,22,34,1,340.25,0.00,340.25,0.00
87,20260209,177,10,37,1,157.45,0.00,157.45,0.00
88,20260928,71,23,10,5,373.96,18.70,1776.31,0.00
89,20261108,70,18,24,2,19390.95,969.55,36842.80,0.00
90,20260119,35,10,38,5,1104.26,0.00,5521.30,0.00
91,20260714,60,12,31,1,2187.92,0.00,2187.92,0.00
92,20260602,101,9,8,1,1136.39,0.00,1136.39,0.00
93,20260516,149,17,14,3,199.76,9.99,569.32,0.00
94,20261225,8,18,19,3,18972.21,948.61,54070.80,0.00
95,20260610,113,24,4,4,703.29,35.16,2672.50,0.00
96,20261006,132,23,15,2,494.31,24.72,939.19,0.00
97,20260128,174,12,26,4,4860.09,486.01,17496.32,0.00
98,20260224,107,4,24,5,19390.95,2908.64,82411.54,0.00
99,20261220,154,5,20,3,41369.75,4136.98,111698.32,0.00
100,20261215,113,17,26,5,4860.09,0.00,24300.45,0.00
101,20260903,184,4,37,5,157.45,23.62,669.16,0.00
102,20260920,123,23,18,1,57972.29,0.00,57972.29,0.00
103,20260113,93,8,5,2,2603.90,260.39,4687.02,0.00
104,20261104,40,11,13,2,392.05,58.81,666.48,0.00
105,20260421,131,7,26,3,4860.09,243.00,13851.26,0.00
106,20260904,30,6,4,1,703.29,70.33,632.96,0.00
107,20260119,111,20,7,3,3413.55,341.36,9216.59,0.00
108,20260102,171,23,37,1,157.45,7.87,149.58,0.00
109,20261128,138,5,23,2,16268.02,0.00,32536.04,0.00
110,20260924,49,1,9,1,278.18,0.00,278.18,0.00
111,20260108,4,9,40,1,633.93,31.70,602.23,0.00
112,20260423,108,8,25,3,2914.87,291.49,7870.15,0.00
113,20260902,56,23,18,4,57972.29,2898.61,220294.70,0.00
114,20260721,122,6,15,1,494.31,49.43,444.88,0.00
115,20260416,102,23,32,1,4212.19,0.00,4212.19,0.00
116,20260826,71,8,17,2,4838.04,241.90,9192.28,0.00
117,20260603,54,20,16,3,505.66,75.85,1289.43,0.00
118,20260303,127,6,14,4,199.76,0.00,799.04,0.00
119,20261017,43,15,40,2,633.93,0.00,1267.86,0.00
120,20260404,159,3,37,2,157.45,7.87,299.15,0.00
121,20261218,111,23,40,1,633.93,0.00,633.93,0.00
122,20261119,198,20,1,4,1810.89,0.00,7243.56,0.00
123,20261226,161,13,20,3,41369.75,4136.98,111698.32,0.00
124,20261209,188,6,27,2,4721.70,236.08,8971.23,0.00
125,20260629,52,4,23,5,16268.02,813.40,77273.10,0.00
126,20261114,92,17,39,2,1191.21,178.68,2025.06,0.00
127,20260310,127,12,24,5,19390.95,0.00,96954.75,0.00
128,20260304,123,14,38,2,1104.26,0.00,2208.52,0.00
129,20261014,181,6,21,5,8200.26,410.01,38951.24,0.00
130,20260111,146,16,18,4,57972.29,0.00,231889.16,0.00
131,20261228,87,15,15,3,494.31,49.43,1334.64,0.00
132,20260225,111,1,33,2,529.26,26.46,1005.59,0.00
133,20260403,127,23,13,5,392.05,19.60,1862.24,0.00
134,20261009,124,5,31,1,2187.92,218.79,1969.13,0.00
135,20260313,123,21,21,1,8200.26,1230.04,6970.22,0.00
136,20261019,109,10,39,3,1191.21,0.00,3573.63,0.00
137,20260524,167,7,36,1,1192.53,0.00,1192.53,0.00
138,20260825,185,1,15,3,494.31,0.00,1482.93,0.00
139,20260926,63,23,40,2,633.93,0.00,1267.86,0.00
140,20260804,37,8,35,5,250.64,12.53,1190.54,0.00
141,20260102,174,18,38,5,1104.26,165.64,4693.11,0.00
142,20261105,182,17,15,5,494.31,24.72,2347.97,0.00
143,20260809,192,6,16,4,505.66,25.28,1921.51,0.00
144,20260623,121,23,34,5,340.25,0.00,1701.25,0.00
145,20260814,54,21,17,2,4838.04,0.00,9676.08,0.00
146,20260131,62,14,33,4,529.26,52.93,1905.34,0.00
147,20260405,177,6,9,1,278.18,13.91,264.27,0.00
148,20261206,39,10,2,3,3061.98,0.00,9185.94,0.00
149,20260725,140,16,12,1,269.11,0.00,269.11,0.00
150,20261229,190,18,29,3,807.07,40.35,2300.15,0.00
151,20261016,41,11,31,1,2187.92,328.19,1859.73,0.00
152,20260912,123,22,20,4,41369.75,6205.46,140657.15,0.00
153,20260122,161,7,26,5,4860.09,243.00,23085.43,0.00
154,20260421,110,3,30,1,608.05,0.00,608.05,0.00
155,20261204,82,6,16,4,505.66,25.28,1921.51,0.00
156,20260223,2,24,17,4,4838.04,725.71,16449.34,0.00
157,20261016,103,17,24,3,19390.95,0.00,58172.85,0.00
158,20261205,2,1,5,5,2603.90,130.20,12368.52,0.00
159,20261215,189,5,37,4,157.45,7.87,598.31,0.00
160,20260928,123,7,28,4,3150.34,157.52,11971.29,0.00
161,20261021,196,18,21,4,8200.26,410.01,31160.99,0.00
162,20260331,10,2,18,2,57972.29,0.00,115944.58,0.00
163,20261119,170,16,28,2,3150.34,315.03,5670.61,0.00
164,20260112,53,22,35,2,250.64,25.06,451.15,0.00
165,20260531,82,2,19,1,18972.21,948.61,18023.60,0.00
166,20261027,134,13,31,2,2187.92,218.79,3938.26,0.00
167,20261103,8,4,17,3,4838.04,483.80,13062.71,0.00
168,20260923,117,23,20,1,41369.75,4136.98,37232.78,0.00
169,20260619,35,23,27,1,4721.70,0.00,4721.70,0.00
170,20260203,135,5,27,1,4721.70,236.08,4485.62,0.00
171,20261208,70,17,26,2,4860.09,243.00,9234.17,0.00
172,20260211,68,2,25,5,2914.87,145.74,13845.63,0.00
173,20260914,52,19,4,3,703.29,35.16,2004.38,0.00
174,20260606,122,22,17,3,4838.04,483.80,13062.71,0.00
175,20261222,61,1,30,5,608.05,0.00,3040.25,0.00
176,20261201,33,23,6,3,572.05,28.60,1630.34,0.00
177,20260505,133,1,33,2,529.26,52.93,952.67,0.00
178,20260519,63,6,26,3,4860.09,486.01,13122.24,0.00
179,20260707,4,22,4,4,703.29,105.49,2391.19,0.00
180,20261016,34,18,38,3,1104.26,0.00,3312.78,0.00
181,20260327,178,2,16,5,505.66,0.00,2528.30,0.00
182,20260812,48,23,8,1,1136.39,0.00,1136.39,0.00
183,20261003,164,23,30,1,608.05,30.40,577.65,0.00
184,20260319,75,10,28,1,3150.34,472.55,2677.79,0.00
185,20260102,84,13,9,3,278.18,0.00,834.54,0.00
186,20260123,94,23,23,3,16268.02,0.00,48804.06,0.00
187,20261127,74,3,10,1,373.96,0.00,373.96,0.00
188,20260113,175,20,9,3,278.18,27.82,751.09,0.00
189,20260524,68,6,31,5,2187.92,0.00,10939.60,0.00
190,20260304,177,14,3,3,1046.07,0.00,3138.21,0.00
191,20260523,189,3,34,5,340.25,17.01,1616.19,0.00
192,20261215,74,20,30,3,608.05,60.80,1641.74,0.00
193,20260727,67,16,17,3,4838.04,0.00,14514.12,0.00
194,20260929,185,8,32,2,4212.19,210.61,8003.16,0.00
195,20260915,102,20,24,1,19390.95,1939.10,17451.86,0.00
196,20261125,183,18,32,3,4212.19,0.00,12636.57,0.00
197,20260609,174,5,34,3,340.25,17.01,969.71,0.00
198,20261117,145,24,24,5,19390.95,0.00,96954.75,0.00
199,20261124,140,11,28,2,3150.34,157.52,5985.65,0.00
200,20260814,53,15,25,2,2914.87,145.74,5538.25,0.00
201,20260607,114,22,35,3,250.64,12.53,714.32,0.00
202,20260904,56,21,20,2,41369.75,0.00,82739.50,0.00
203,20260525,75,4,2,4,3061.98,306.20,11023.13,0.00
204,20261029,129,7,29,4,807.07,0.00,3228.28,0.00
205,20261128,73,8,20,1,41369.75,0.00,41369.75,0.00
206,20260829,113,15,39,1,1191.21,0.00,1191.21,0.00
207,20260603,166,1,5,1,2603.90,0.00,2603.90,0.00
208,20260112,121,10,10,5,373.96,0.00,1869.80,0.00
209,20260111,111,14,6,1,572.05,0.00,572.05,0.00
210,20260124,47,6,4,4,703.29,35.16,2672.50,0.00
211,20261213,43,13,22,5,3028.92,454.34,12872.91,0.00
212,20260412,60,1,4,1,703.29,0.00,703.29,0.00
213,20260508,37,5,8,1,1136.39,0.00,1136.39,0.00
214,20260302,172,23,39,1,1191.21,59.56,1131.65,0.00
215,20260524,132,5,10,2,373.96,0.00,747.92,0.00
216,20260827,166,24,22,2,3028.92,302.89,5452.06,0.00
217,20260702,109,2,2,3,3061.98,153.10,8726.64,0.00
218,20261227,33,5,19,5,18972.21,948.61,90118.00,0.00
219,20260723,64,10,15,5,494.31,24.72,2347.97,0.00
220,20261108,190,9,3,3,1046.07,52.30,2981.30,0.00
221,20261114,80,19,4,1,703.29,70.33,632.96,0.00
222,20261225,139,8,27,3,4721.70,236.08,13456.84,0.00
223,20260101,161,17,23,5,16268.02,813.40,77273.10,0.00
224,20260621,123,19,33,5,529.26,26.46,2513.98,0.00
225,20261228,34,7,18,4,57972.29,8695.84,197105.79,0.00
226,20260922,191,15,29,4,807.07,40.35,3066.87,0.00
227,20260123,152,13,28,4,3150.34,315.03,11341.22,0.00
228,20260622,19,2,1,5,1810.89,181.09,8149.01,0.00
229,20260701,138,7,18,3,57972.29,0.00,173916.87,0.00
230,20260103,111,6,29,4,807.07,40.35,3066.87,0.00
231,20260507,58,22,17,5,4838.04,0.00,24190.20,0.00
232,20261114,180,23,26,3,4860.09,0.00,14580.27,0.00
233,20261129,6,9,9,3,278.18,0.00,834.54,0.00
234,20261008,169,7,31,3,2187.92,109.40,6235.57,0.00
235,20260310,23,10,35,1,250.64,12.53,238.11,0.00
236,20260606,26,2,23,4,16268.02,813.40,61818.48,0.00
237,20261224,129,4,10,4,373.96,18.70,1421.05,0.00
238,20260909,29,2,16,1,505.66,50.57,455.09,0.00
239,20261203,175,10,11,2,508.89,25.44,966.89,0.00
240,20260123,138,11,9,2,278.18,27.82,500.72,0.00
241,20260413,72,7,12,3,269.11,26.91,726.60,0.00
242,20260914,17,9,39,4,1191.21,178.68,4050.11,0.00
243,20260225,26,7,36,1,1192.53,119.25,1073.28,0.00
244,20260613,167,22,31,3,2187.92,109.40,6235.57,0.00
245,20260227,59,12,14,1,199.76,0.00,199.76,0.00
246,20260105,102,3,28,3,3150.34,0.00,9451.02,0.00
247,20261129,88,23,33,1,529.26,52.93,476.33,0.00
248,20260120,15,13,25,5,2914.87,291.49,13116.92,0.00
249,20260305,154,7,40,1,633.93,95.09,538.84,0.00
250,20260705,29,1,15,3,494.31,24.72,1408.78,0.00
251,20260314,154,13,26,5,4860.09,486.01,21870.40,0.00
252,20261222,59,24,22,2,3028.92,454.34,5149.16,0.00
253,20260312,52,3,4,5,703.29,0.00,3516.45,0.00
254,20260322,139,2,20,3,41369.75,2068.49,117903.79,0.00
255,20260817,35,12,21,4,8200.26,0.00,32801.04,0.00
256,20260503,6,9,6,4,572.05,28.60,2173.79,0.00
257,20260109,61,15,15,5,494.31,49.43,2224.40,0.00
258,20261226,151,14,26,5,4860.09,729.01,20655.38,0.00
259,20261003,61,12,11,4,508.89,25.44,1933.78,0.00
260,20260417,145,16,38,5,1104.26,0.00,5521.30,0.00
261,20260402,186,23,30,1,608.05,30.40,577.65,0.00
262,20260908,110,2,6,3,572.05,57.20,1544.54,0.00
263,20260410,110,20,13,2,392.05,0.00,784.10,0.00
264,20260408,24,23,10,3,373.96,0.00,1121.88,0.00
265,20260109,134,9,32,1,4212.19,0.00,4212.19,0.00
266,20260729,148,17,33,4,529.26,26.46,2011.19,0.00
267,20260529,17,14,9,1,278.18,13.91,264.27,0.00
268,20260727,75,8,13,4,392.05,0.00,1568.20,0.00
269,20260309,128,12,23,1,16268.02,813.40,15454.62,0.00
270,20260307,13,3,32,2,4212.19,210.61,8003.16,0.00
271,20260506,175,15,36,4,1192.53,0.00,4770.12,0.00
272,20260616,6,24,11,3,508.89,25.44,1450.34,0.00
273,20261204,84,23,30,1,608.05,0.00,608.05,0.00
274,20260728,1,22,6,3,572.05,0.00,1716.15,0.00
275,20261214,143,2,10,2,373.96,18.70,710.52,0.00
276,20260509,91,3,3,5,1046.07,0.00,5230.35,0.00
277,20260624,54,2,7,2,3413.55,341.36,6144.39,0.00
278,20260108,114,1,3,4,1046.07,52.30,3975.07,0.00
279,20260913,186,2,7,3,3413.55,512.03,8704.55,0.00
280,20260806,139,2,14,1,199.76,0.00,199.76,0.00
281,20261116,57,13,35,5,250.64,12.53,1190.54,0.00
282,20261008,62,5,23,4,16268.02,0.00,65072.08,0.00
283,20260303,50,4,7,5,3413.55,341.36,15360.98,0.00
284,20260822,61,1,30,1,608.05,30.40,577.65,0.00
285,20260405,31,22,9,4,278.18,27.82,1001.45,0.00
286,20260817,181,16,22,3,3028.92,302.89,8178.08,0.00
287,20260703,184,11,30,1,608.05,0.00,608.05,0.00
288,20261017,53,23,36,4,1192.53,59.63,4531.61,0.00
289,20260614,40,2,22,3,3028.92,151.45,8632.42,0.00
290,20261120,100,19,3,1,1046.07,104.61,941.46,0.00
291,20261207,105,24,14,2,199.76,0.00,399.52,0.00
292,20260428,9,7,27,1,4721.70,472.17,4249.53,0.00
293,20261008,20,15,27,1,4721.70,0.00,4721.70,0.00
294,20260224,70,10,39,1,1191.21,0.00,1191.21,0.00
295,20260511,136,5,9,5,278.18,0.00,1390.90,0.00
296,20260304,3,10,6,3,572.05,0.00,1716.15,0.00
297,20260415,34,22,2,5,3061.98,306.20,13778.91,0.00
298,20260602,154,18,29,5,807.07,80.71,3631.82,0.00
299,20260207,199,23,36,5,1192.53,119.25,5366.38,0.00
300,20260812,143,20,32,5,4212.19,0.00,21060.95,0.00
301,20261112,86,8,33,1,529.26,52.93,476.33,0.00
302,20261121,102,13,34,2,340.25,0.00,680.50,0.00
303,20260926,151,16,6,1,572.05,85.81,486.24,0.00
304,20260628,57,22,1,5,1810.89,90.54,8601.73,0.00
305,20260729,143,8,23,1,16268.02,2440.20,13827.82,0.00
306,20260124,200,21,10,1,373.96,37.40,336.56,0.00
307,20260206,69,19,35,5,250.64,37.60,1065.22,0.00
308,20260208,70,13,9,2,278.18,0.00,556.36,0.00
309,20261212,192,5,34,3,340.25,0.00,1020.75,0.00
310,20261126,118,22,10,2,373.96,18.70,710.52,0.00
311,20260226,96,5,10,3,373.96,18.70,1065.79,0.00
312,20261219,3,14,31,5,2187.92,218.79,9845.64,0.00
313,20260918,123,3,32,1,4212.19,0.00,4212.19,0.00
314,20260331,99,17,15,3,494.31,49.43,1334.64,0.00
315,20261101,103,12,23,1,16268.02,813.40,15454.62,0.00
316,20261104,165,6,29,2,807.07,80.71,1452.73,0.00
317,20260910,150,22,14,3,199.76,19.98,539.35,0.00
318,20261122,182,15,10,3,373.96,18.70,1065.79,0.00
319,20260509,112,7,2,5,3061.98,153.10,14544.40,0.00
320,20260920,100,22,15,3,494.31,0.00,1482.93,0.00
321,20260410,10,10,27,4,4721.70,236.08,17942.46,0.00
322,20260605,63,22,24,2,19390.95,0.00,38781.90,0.00
323,20260602,105,6,31,1,2187.92,218.79,1969.13,0.00
324,20260211,11,24,9,3,278.18,27.82,751.09,0.00
325,20260806,167,19,21,5,8200.26,820.03,36901.17,0.00
326,20260719,42,3,16,4,505.66,50.57,1820.38,0.00
327,20260824,100,6,24,1,19390.95,1939.10,17451.86,0.00
328,20260318,182,20,15,4,494.31,49.43,1779.52,0.00
329,20260812,117,20,8,3,1136.39,0.00,3409.17,0.00
330,20260202,135,17,35,4,250.64,12.53,952.43,0.00
331,20260516,154,24,21,1,8200.26,410.01,7790.25,0.00
332,20260208,154,8,23,5,16268.02,0.00,81340.10,0.00
333,20261018,164,21,35,2,250.64,0.00,501.28,0.00
334,20260709,22,7,31,4,2187.92,109.40,8314.10,0.00
335,20260906,197,5,1,5,1810.89,271.63,7696.28,0.00
336,20260531,8,23,11,3,508.89,25.44,1450.34,0.00
337,20260306,7,20,29,2,807.07,40.35,1533.43,0.00
338,20260707,178,21,22,4,3028.92,302.89,10904.11,0.00
339,20260217,36,19,39,2,1191.21,59.56,2263.30,0.00
340,20261113,153,21,32,4,4212.19,421.22,15163.88,0.00
341,20260614,196,13,20,4,41369.75,2068.49,157205.05,0.00
342,20260706,58,3,23,2,16268.02,0.00,32536.04,0.00
343,20260306,200,21,7,2,3413.55,0.00,6827.10,0.00
344,20261002,185,10,16,5,505.66,25.28,2401.89,0.00
345,20261115,135,7,40,2,633.93,0.00,1267.86,0.00
346,20260731,166,17,22,1,3028.92,0.00,3028.92,0.00
347,20260221,105,3,15,2,494.31,0.00,988.62,0.00
348,20260214,106,10,16,4,505.66,0.00,2022.64,0.00
349,20260917,18,15,27,2,4721.70,0.00,9443.40,0.00
350,20260224,32,21,4,4,703.29,0.00,2813.16,0.00
351,20261118,108,17,20,4,41369.75,2068.49,157205.05,0.00
352,20261120,51,20,32,1,4212.19,421.22,3790.97,0.00
353,20261126,144,13,40,2,633.93,63.39,1141.07,0.00
354,20260811,181,9,32,2,4212.19,0.00,8424.38,0.00
355,20260123,46,12,24,2,19390.95,1939.10,34903.71,0.00
356,20260626,49,21,35,2,250.64,0.00,501.28,0.00
357,20261104,18,7,2,5,3061.98,306.20,13778.91,0.00
358,20260515,70,21,5,1,2603.90,260.39,2343.51,0.00
359,20261227,140,14,11,1,508.89,50.89,458.00,0.00
360,20260215,162,9,17,5,4838.04,0.00,24190.20,0.00
361,20260613,13,10,28,5,3150.34,315.03,14176.53,0.00
362,20260721,173,5,1,5,1810.89,181.09,8149.01,0.00
363,20260422,32,5,34,4,340.25,0.00,1361.00,0.00
364,20260728,124,21,23,3,16268.02,2440.20,41483.45,0.00
365,20260109,78,15,24,2,19390.95,969.55,36842.80,0.00
366,20260821,83,8,37,3,157.45,7.87,448.73,0.00
367,20260512,48,15,29,3,807.07,40.35,2300.15,0.00
368,20260705,8,2,33,5,529.26,0.00,2646.30,0.00
369,20261015,146,15,28,2,3150.34,0.00,6300.68,0.00
370,20260422,51,12,28,4,3150.34,315.03,11341.22,0.00
371,20261003,126,21,13,4,392.05,19.60,1489.79,0.00
372,20260817,6,23,15,5,494.31,74.15,2100.82,0.00
373,20261231,195,2,26,5,4860.09,0.00,24300.45,0.00
374,20261002,117,5,20,4,41369.75,2068.49,157205.05,0.00
375,20260227,106,7,12,1,269.11,0.00,269.11,0.00
376,20260123,17,24,15,4,494.31,24.72,1878.38,0.00
377,20260906,68,10,38,4,1104.26,0.00,4417.04,0.00
378,20260529,193,4,4,2,703.29,35.16,1336.25,0.00
379,20260805,170,5,26,5,4860.09,243.00,23085.43,0.00
380,20260713,142,10,18,3,57972.29,5797.23,156525.18,0.00
381,20261222,190,15,38,1,1104.26,165.64,938.62,0.00
382,20260112,52,10,33,1,529.26,0.00,529.26,0.00
383,20261225,21,2,28,3,3150.34,315.03,8505.92,0.00
384,20260928,103,2,27,2,4721.70,0.00,9443.40,0.00
385,20260707,86,11,19,3,18972.21,948.61,54070.80,0.00
386,20260502,180,6,40,1,633.93,0.00,633.93,0.00
387,20260928,85,1,21,1,8200.26,410.01,7790.25,0.00
388,20260213,100,22,27,4,4721.70,236.08,17942.46,0.00
389,20260324,174,19,2,1,3061.98,153.10,2908.88,0.00
390,20260618,136,20,15,1,494.31,0.00,494.31,0.00
391,20260825,52,5,26,4,4860.09,486.01,17496.32,0.00
392,20260321,143,19,25,3,2914.87,437.23,7432.92,0.00
393,20260602,110,18,23,1,16268.02,1626.80,14641.22,0.00
394,20260911,102,11,16,5,505.66,0.00,2528.30,0.00
395,20260224,108,1,38,2,1104.26,55.21,2098.09,0.00
396,20260619,93,10,32,3,4212.19,0.00,12636.57,0.00
397,20261026,133,21,26,1,4860.09,243.00,4617.09,0.00
398,20260603,2,24,18,3,57972.29,5797.23,156525.18,0.00
399,20260116,152,8,37,2,157.45,23.62,267.66,0.00
400,20261223,26,14,21,4,8200.26,0.00,32801.04,0.00
401,20260906,102,20,6,5,572.05,0.00,2860.25,0.00
402,20260616,167,10,2,4,3061.98,0.00,12247.92,0.00
403,20261028,79,20,30,2,608.05,0.00,1216.10,0.00
404,20260625,146,18,6,2,572.05,57.20,1029.69,0.00
405,20260529,136,8,28,2,3150.34,157.52,5985.65,0.00
406,20260331,41,5,18,3,57972.29,5797.23,156525.18,0.00
407,20260920,140,9,26,3,4860.09,486.01,13122.24,0.00
408,20260311,72,9,24,3,19390.95,969.55,55264.21,0.00
409,20260627,125,7,17,3,4838.04,483.80,13062.71,0.00
410,20260625,157,9,40,3,633.93,31.70,1806.70,0.00
411,20260202,31,22,32,4,4212.19,210.61,16006.32,0.00
412,20260315,192,23,24,4,19390.95,1939.10,69807.42,0.00
413,20260604,28,14,12,1,269.11,0.00,269.11,0.00
414,20260524,136,4,27,2,4721.70,236.08,8971.23,0.00
415,20260514,1,9,34,2,340.25,51.04,578.42,0.00
416,20261124,127,19,5,5,2603.90,260.39,11717.55,0.00
417,20260221,83,15,38,1,1104.26,55.21,1049.05,0.00
418,20260923,14,18,17,3,4838.04,0.00,14514.12,0.00
419,20260527,12,5,40,5,633.93,95.09,2694.20,0.00
420,20261028,163,12,7,3,3413.55,0.00,10240.65,0.00
421,20261211,58,6,38,1,1104.26,0.00,1104.26,0.00
422,20260708,105,2,14,2,199.76,0.00,399.52,0.00
423,20260501,2,19,20,3,41369.75,0.00,124109.25,0.00
424,20261207,169,8,28,2,3150.34,157.52,5985.65,0.00
425,20260327,200,11,34,3,340.25,0.00,1020.75,0.00
426,20261209,64,1,15,4,494.31,74.15,1680.65,0.00
427,20260318,120,3,24,4,19390.95,0.00,77563.80,0.00
428,20260325,84,8,7,5,3413.55,0.00,17067.75,0.00
429,20261111,200,12,3,1,1046.07,104.61,941.46,0.00
430,20261125,53,22,22,5,3028.92,151.45,14387.37,0.00
431,20261013,22,3,30,4,608.05,91.21,2067.37,0.00
432,20260608,145,11,26,4,4860.09,486.01,17496.32,0.00
433,20260708,149,19,31,3,2187.92,0.00,6563.76,0.00
434,20261118,104,11,31,4,2187.92,0.00,8751.68,0.00
435,20260318,160,23,8,3,1136.39,0.00,3409.17,0.00
436,20260319,194,10,32,2,4212.19,0.00,8424.38,0.00
437,20261203,119,23,3,4,1046.07,52.30,3975.07,0.00
438,20260824,124,1,7,3,3413.55,170.68,9728.62,0.00
439,20260616,127,6,34,5,340.25,34.02,1531.12,0.00
440,20260302,101,23,1,2,1810.89,90.54,3440.69,0.00
441,20260430,10,19,33,2,529.26,26.46,1005.59,0.00
442,20260204,166,14,9,5,278.18,0.00,1390.90,0.00
443,20261029,80,20,30,1,608.05,0.00,608.05,0.00
444,20260826,164,6,10,3,373.96,18.70,1065.79,0.00
445,20260629,143,10,14,5,199.76,19.98,898.92,0.00
446,20260302,48,18,25,5,2914.87,145.74,13845.63,0.00
447,20261123,58,4,18,4,57972.29,8695.84,197105.79,0.00
448,20260416,12,17,29,3,807.07,80.71,2179.09,0.00
449,20261129,16,23,32,5,4212.19,0.00,21060.95,0.00
450,20260303,134,23,8,2,1136.39,0.00,2272.78,0.00
451,20260724,195,24,30,3,608.05,0.00,1824.15,0.00
452,20260131,71,7,17,2,4838.04,241.90,9192.28,0.00
453,20261120,81,19,23,3,16268.02,1626.80,43923.65,0.00
454,20260614,146,11,37,2,157.45,0.00,314.90,0.00
455,20261215,176,8,28,2,3150.34,157.52,5985.65,0.00
456,20260321,23,15,13,3,392.05,0.00,1176.15,0.00
457,20260629,157,12,14,3,199.76,9.99,569.32,0.00
458,20261206,58,24,2,2,3061.98,306.20,5511.56,0.00
459,20261222,90,15,19,4,18972.21,948.61,72094.40,0.00
460,20260201,181,10,23,1,16268.02,0.00,16268.02,0.00
461,20260504,152,20,29,5,807.07,40.35,3833.58,0.00
462,20260304,33,20,26,4,4860.09,486.01,17496.32,0.00
463,20260204,40,17,35,1,250.64,25.06,225.58,0.00
464,20260311,66,5,16,4,505.66,75.85,1719.24,0.00
465,20260727,53,20,22,3,3028.92,151.45,8632.42,0.00
466,20260701,21,20,27,3,4721.70,472.17,12748.59,0.00
467,20260506,120,7,26,1,4860.09,0.00,4860.09,0.00
468,20260912,125,24,12,2,269.11,13.46,511.31,0.00
469,20260104,143,15,3,5,1046.07,52.30,4968.83,0.00
470,20260730,153,10,38,4,1104.26,0.00,4417.04,0.00
471,20261019,54,3,3,5,1046.07,0.00,5230.35,0.00
472,20260710,187,4,13,4,392.05,19.60,1489.79,0.00
473,20260618,188,4,12,5,269.11,0.00,1345.55,0.00
474,20260714,157,1,5,3,2603.90,260.39,7030.53,0.00
475,20260502,74,24,2,1,3061.98,153.10,2908.88,0.00
476,20260218,82,3,33,4,529.26,0.00,2117.04,0.00
477,20260721,81,19,9,1,278.18,27.82,250.36,0.00
478,20260118,38,8,36,2,1192.53,0.00,2385.06,0.00
479,20260130,74,15,14,3,199.76,19.98,539.35,0.00
480,20260926,9,15,24,4,19390.95,1939.10,69807.42,0.00
481,20260124,85,9,32,2,4212.19,421.22,7581.94,0.00
482,20260702,120,24,27,4,4721.70,236.08,17942.46,0.00
483,20260314,61,3,13,4,392.05,19.60,1489.79,0.00
484,20260722,96,24,12,3,269.11,0.00,807.33,0.00
485,20260727,165,21,6,4,572.05,28.60,2173.79,0.00
486,20260208,144,2,17,2,4838.04,483.80,8708.47,0.00
487,20260723,36,15,33,2,529.26,52.93,952.67,0.00
488,20260112,122,3,39,3,1191.21,119.12,3216.27,0.00
489,20260903,94,21,36,1,1192.53,119.25,1073.28,0.00
490,20260603,101,14,39,2,1191.21,59.56,2263.30,0.00
491,20261223,183,7,35,3,250.64,0.00,751.92,0.00
492,20260809,27,5,33,5,529.26,26.46,2513.98,0.00
493,20260317,185,12,25,3,2914.87,0.00,8744.61,0.00
494,20260910,178,12,24,5,19390.95,2908.64,82411.54,0.00
495,20260309,95,2,40,4,633.93,63.39,2282.15,0.00
496,20260718,177,19,26,2,4860.09,486.01,8748.16,0.00
497,20260916,3,4,2,2,3061.98,153.10,5817.76,0.00
498,20260203,134,9,30,4,608.05,0.00,2432.20,0.00
499,20260125,111,8,37,1,157.45,7.87,149.58,0.00
500,20261122,11,16,20,1,41369.75,0.00,41369.75,0.00
501,20260429,134,11,25,4,2914.87,0.00,11659.48,0.00
502,20260702,90,16,39,5,1191.21,0.00,5956.05,0.00
503,20260418,80,3,36,3,1192.53,59.63,3398.71,0.00
504,20261209,32,2,22,3,3028.92,302.89,8178.08,0.00
505,20260130,51,21,7,2,3413.55,170.68,6485.75,0.00
506,20260502,37,12,21,3,8200.26,410.01,23370.74,0.00
507,20260310,126,9,22,1,3028.92,302.89,2726.03,0.00
508,20261227,74,23,17,2,4838.04,725.71,8224.67,0.00
509,20260201,92,22,29,2,807.07,40.35,1533.43,0.00
510,20260906,132,20,8,2,1136.39,56.82,2159.14,0.00
511,20260225,182,8,32,4,4212.19,421.22,15163.88,0.00
512,20261024,165,17,24,5,19390.95,2908.64,82411.54,0.00
513,20260111,63,6,13,3,392.05,39.21,1058.54,0.00
514,20261102,94,19,35,4,250.64,0.00,1002.56,0.00
515,20260829,11,3,29,1,807.07,121.06,686.01,0.00
516,20260319,35,14,7,1,3413.55,0.00,3413.55,0.00
517,20260222,162,2,16,5,505.66,0.00,2528.30,0.00
518,20260814,92,4,9,2,278.18,27.82,500.72,0.00
519,20261014,149,5,4,3,703.29,35.16,2004.38,0.00
520,20260505,134,16,24,5,19390.95,0.00,96954.75,0.00
521,20260625,120,21,9,2,278.18,27.82,500.72,0.00
522,20260319,35,12,17,4,4838.04,0.00,19352.16,0.00
523,20261001,40,24,22,1,3028.92,302.89,2726.03,0.00
524,20260718,147,12,37,4,157.45,0.00,629.80,0.00
525,20260813,63,10,4,2,703.29,35.16,1336.25,0.00
526,20260508,13,12,26,3,4860.09,0.00,14580.27,0.00
527,20260908,89,15,36,2,1192.53,119.25,2146.55,0.00
528,20261219,120,10,12,3,269.11,0.00,807.33,0.00
529,20260131,177,24,19,1,18972.21,0.00,18972.21,0.00
530,20260405,87,18,12,1,269.11,26.91,242.20,0.00
531,20261214,59,11,31,2,2187.92,328.19,3719.46,0.00
532,20261105,174,11,22,3,3028.92,0.00,9086.76,0.00
533,20260606,53,8,16,4,505.66,25.28,1921.51,0.00
534,20260125,196,22,11,2,508.89,0.00,1017.78,0.00
535,20260407,108,11,11,1,508.89,50.89,458.00,0.00
536,20260922,16,19,39,1,1191.21,178.68,1012.53,0.00
537,20260302,169,5,13,4,392.05,0.00,1568.20,0.00
538,20260310,67,13,2,3,3061.98,0.00,9185.94,0.00
539,20260113,75,8,7,5,3413.55,341.36,15360.98,0.00
540,20260518,67,18,24,4,19390.95,969.55,73685.61,0.00
541,20260419,90,19,21,5,8200.26,0.00,41001.30,0.00
542,20260323,132,22,35,4,250.64,12.53,952.43,0.00
543,20260724,95,15,6,4,572.05,28.60,2173.79,0.00
544,20260920,96,24,3,5,1046.07,0.00,5230.35,0.00
545,20260618,102,12,37,4,157.45,7.87,598.31,0.00
546,20260811,177,3,34,3,340.25,0.00,1020.75,0.00
547,20260223,74,22,12,2,269.11,0.00,538.22,0.00
548,20260107,21,21,6,3,572.05,0.00,1716.15,0.00
549,20260612,73,22,24,3,19390.95,969.55,55264.21,0.00
550,20261212,144,23,35,1,250.64,0.00,250.64,0.00
551,20260126,134,23,1,1,1810.89,0.00,1810.89,0.00
552,20261212,69,21,26,4,4860.09,486.01,17496.32,0.00
553,20261204,91,17,29,2,807.07,121.06,1372.02,0.00
554,20260717,174,7,6,4,572.05,28.60,2173.79,0.00
555,20260527,130,24,4,1,703.29,35.16,668.13,0.00
556,20261229,106,6,6,3,572.05,0.00,1716.15,0.00
557,20261019,176,2,31,3,2187.92,328.19,5579.20,0.00
558,20261008,91,20,35,5,250.64,25.06,1127.88,0.00
559,20260722,103,20,27,5,4721.70,472.17,21247.65,0.00
560,20260526,177,24,34,1,340.25,34.02,306.23,0.00
561,20260319,74,3,40,2,633.93,31.70,1204.47,0.00
562,20261013,174,18,21,4,8200.26,0.00,32801.04,0.00
563,20260519,21,21,25,2,2914.87,0.00,5829.74,0.00
564,20260127,23,14,38,1,1104.26,165.64,938.62,0.00
565,20260806,106,18,1,1,1810.89,0.00,1810.89,0.00
566,20260730,31,24,5,5,2603.90,0.00,13019.50,0.00
567,20261127,103,4,24,4,19390.95,0.00,77563.80,0.00
568,20260506,162,18,23,1,16268.02,0.00,16268.02,0.00
569,20260926,64,24,18,2,57972.29,2898.61,110147.35,0.00
570,20260508,48,20,14,5,199.76,19.98,898.92,0.00
571,20260114,27,21,27,2,4721.70,472.17,8499.06,0.00
572,20261112,61,14,32,1,4212.19,421.22,3790.97,0.00
573,20260422,166,4,4,1,703.29,35.16,668.13,0.00
574,20261206,186,6,4,4,703.29,105.49,2391.19,0.00
575,20260510,177,17,25,1,2914.87,291.49,2623.38,0.00
576,20260809,78,19,29,2,807.07,80.71,1452.73,0.00
577,20260818,68,18,1,5,1810.89,0.00,9054.45,0.00
578,20260418,79,5,4,3,703.29,105.49,1793.39,0.00
579,20260417,179,13,21,1,8200.26,410.01,7790.25,0.00
580,20260917,172,14,26,2,4860.09,243.00,9234.17,0.00
581,20260817,65,8,39,2,1191.21,119.12,2144.18,0.00
582,20261002,166,14,31,3,2187.92,0.00,6563.76,0.00
583,20260718,187,1,36,3,1192.53,0.00,3577.59,0.00
584,20261104,135,9,16,4,505.66,25.28,1921.51,0.00
585,20260308,117,2,10,4,373.96,0.00,1495.84,0.00
586,20260922,9,5,16,3,505.66,50.57,1365.28,0.00
587,20260329,180,11,35,4,250.64,0.00,1002.56,0.00
588,20260501,161,17,14,2,199.76,0.00,399.52,0.00
589,20260817,132,19,21,2,8200.26,410.01,15580.49,0.00
590,20260225,163,11,30,2,608.05,30.40,1155.29,0.00
591,20260203,128,17,37,2,157.45,0.00,314.90,0.00
592,20260917,52,3,10,3,373.96,0.00,1121.88,0.00
593,20260611,190,14,26,1,4860.09,243.00,4617.09,0.00
594,20260321,113,6,2,5,3061.98,306.20,13778.91,0.00
595,20261225,186,10,22,1,3028.92,0.00,3028.92,0.00
596,20260813,173,20,32,2,4212.19,210.61,8003.16,0.00
597,20260525,23,17,10,4,373.96,0.00,1495.84,0.00
598,20260109,98,14,1,4,1810.89,181.09,6519.20,0.00
599,20260925,150,6,40,1,633.93,31.70,602.23,0.00
600,20260130,169,4,15,3,494.31,0.00,1482.93,0.00
601,20260811,138,10,23,5,16268.02,1626.80,73206.09,0.00
602,20260303,86,2,33,3,529.26,0.00,1587.78,0.00
603,20260815,28,22,1,1,1810.89,90.54,1720.35,0.00
604,20261109,39,20,1,3,1810.89,0.00,5432.67,0.00
605,20260202,44,23,3,2,1046.07,0.00,2092.14,0.00
606,20260820,116,5,10,3,373.96,18.70,1065.79,0.00
607,20260627,96,23,27,2,4721.70,236.08,8971.23,0.00
608,20261016,164,6,37,5,157.45,0.00,787.25,0.00
609,20260417,65,7,21,4,8200.26,0.00,32801.04,0.00
610,20260404,55,5,5,5,2603.90,0.00,13019.50,0.00
611,20260317,151,18,40,3,633.93,0.00,1901.79,0.00
612,20260320,145,14,39,2,1191.21,59.56,2263.30,0.00
613,20260123,118,18,21,2,8200.26,410.01,15580.49,0.00
614,20260217,26,20,9,2,278.18,27.82,500.72,0.00
615,20260711,40,23,32,2,4212.19,631.83,7160.72,0.00
616,20260116,102,9,16,2,505.66,0.00,1011.32,0.00
617,20260410,6,23,23,4,16268.02,0.00,65072.08,0.00
618,20261123,73,11,38,5,1104.26,55.21,5245.24,0.00
619,20260927,173,19,15,1,494.31,24.72,469.59,0.00
620,20260918,196,7,30,5,608.05,30.40,2888.24,0.00
621,20260623,120,6,1,3,1810.89,271.63,4617.77,0.00
622,20260728,38,15,24,3,19390.95,969.55,55264.21,0.00
623,20260618,110,7,31,5,2187.92,0.00,10939.60,0.00
624,20260224,149,23,26,3,4860.09,486.01,13122.24,0.00
625,20261007,1,14,25,2,2914.87,291.49,5246.77,0.00
626,20261013,169,5,33,4,529.26,26.46,2011.19,0.00
627,20260801,158,5,22,2,3028.92,151.45,5754.95,0.00
628,20261212,156,19,40,3,633.93,0.00,1901.79,0.00
629,20261119,38,17,20,5,41369.75,4136.98,186163.88,0.00
630,20260911,180,7,40,2,633.93,31.70,1204.47,0.00
631,20260424,104,6,1,2,1810.89,90.54,3440.69,0.00
632,20260913,21,24,18,5,57972.29,2898.61,275368.38,0.00
633,20260910,81,7,32,4,4212.19,210.61,16006.32,0.00
634,20260830,55,14,19,3,18972.21,948.61,54070.80,0.00
635,20260209,98,7,18,1,57972.29,2898.61,55073.68,0.00
636,20260212,144,18,4,4,703.29,35.16,2672.50,0.00
637,20260427,82,10,33,1,529.26,0.00,529.26,0.00
638,20260112,40,3,25,2,2914.87,0.00,5829.74,0.00
639,20261006,8,4,23,5,16268.02,1626.80,73206.09,0.00
640,20261010,8,18,14,5,199.76,9.99,948.86,0.00
641,20260923,119,8,31,4,2187.92,218.79,7876.51,0.00
642,20260106,26,12,37,1,157.45,15.74,141.70,0.00
643,20260324,64,19,10,3,373.96,0.00,1121.88,0.00
644,20260428,112,8,11,1,508.89,25.44,483.45,0.00
645,20260702,194,3,15,3,494.31,0.00,1482.93,0.00
646,20260211,49,17,40,2,633.93,0.00,1267.86,0.00
647,20260418,140,10,1,2,1810.89,90.54,3440.69,0.00
648,20260709,46,16,40,4,633.93,0.00,2535.72,0.00
649,20260224,89,20,27,5,4721.70,0.00,23608.50,0.00
650,20261025,18,12,40,3,633.93,31.70,1806.70,0.00
651,20260509,131,17,38,5,1104.26,55.21,5245.24,0.00
652,20260504,188,13,16,1,505.66,0.00,505.66,0.00
653,20260907,1,24,33,3,529.26,0.00,1587.78,0.00
654,20260729,25,16,20,2,41369.75,0.00,82739.50,0.00
655,20260315,40,10,17,5,4838.04,0.00,24190.20,0.00
656,20261130,76,22,15,3,494.31,24.72,1408.78,0.00
657,20260706,188,23,19,3,18972.21,0.00,56916.63,0.00
658,20260623,196,10,33,4,529.26,26.46,2011.19,0.00
659,20260826,118,15,10,4,373.96,18.70,1421.05,0.00
660,20261219,140,2,38,3,1104.26,110.43,2981.50,0.00
661,20261126,62,4,12,4,269.11,26.91,968.80,0.00
662,20261013,22,23,37,4,157.45,0.00,629.80,0.00
663,20260114,126,5,3,5,1046.07,156.91,4445.80,0.00
664,20260629,86,17,26,1,4860.09,0.00,4860.09,0.00
665,20260602,170,23,28,1,3150.34,315.03,2835.31,0.00
666,20260930,133,7,29,1,807.07,80.71,726.36,0.00
667,20260126,10,7,6,2,572.05,28.60,1086.90,0.00
668,20261207,57,16,28,2,3150.34,315.03,5670.61,0.00
669,20260124,94,3,31,4,2187.92,218.79,7876.51,0.00
670,20260524,30,20,35,4,250.64,37.60,852.18,0.00
671,20260122,171,17,26,1,4860.09,729.01,4131.08,0.00
672,20260520,78,12,34,5,340.25,34.02,1531.12,0.00
673,20260511,171,14,35,2,250.64,25.06,451.15,0.00
674,20260611,22,5,30,3,608.05,0.00,1824.15,0.00
675,20260919,94,4,13,5,392.05,19.60,1862.24,0.00
676,20260621,143,1,27,3,4721.70,0.00,14165.10,0.00
677,20260817,167,19,14,3,199.76,0.00,599.28,0.00
678,20261125,5,15,10,5,373.96,56.09,1589.33,0.00
679,20261105,137,10,33,4,529.26,26.46,2011.19,0.00
680,20260323,14,21,8,2,1136.39,0.00,2272.78,0.00
681,20260123,194,12,35,1,250.64,0.00,250.64,0.00
682,20260114,4,20,17,1,4838.04,0.00,4838.04,0.00
683,20261111,195,10,10,2,373.96,18.70,710.52,0.00
684,20260424,91,23,23,3,16268.02,1626.80,43923.65,0.00
685,20260929,101,3,10,3,373.96,0.00,1121.88,0.00
686,20260115,69,22,7,3,3413.55,0.00,10240.65,0.00
687,20260817,66,11,16,5,505.66,25.28,2401.89,0.00
688,20261023,170,10,30,5,608.05,30.40,2888.24,0.00
689,20260124,166,21,16,1,505.66,25.28,480.38,0.00
690,20260827,90,1,29,5,807.07,0.00,4035.35,0.00
691,20261228,41,20,8,3,1136.39,0.00,3409.17,0.00
692,20260809,198,18,34,3,340.25,34.02,918.68,0.00
693,20260427,44,10,38,1,1104.26,55.21,1049.05,0.00
694,20260406,113,23,26,4,4860.09,243.00,18468.34,0.00
695,20260804,177,20,8,5,1136.39,113.64,5113.76,0.00
696,20260207,32,2,33,3,529.26,52.93,1429.00,0.00
697,20260609,75,21,23,1,16268.02,813.40,15454.62,0.00
698,20261110,183,8,23,2,16268.02,1626.80,29282.44,0.00
699,20260312,153,15,39,3,1191.21,59.56,3394.95,0.00
700,20260605,93,24,5,4,2603.90,0.00,10415.60,0.00
701,20260716,72,6,25,2,2914.87,145.74,5538.25,0.00
702,20260411,61,18,4,3,703.29,105.49,1793.39,0.00
703,20260210,46,6,33,1,529.26,0.00,529.26,0.00
704,20261208,3,17,18,5,57972.29,5797.23,260875.31,0.00
705,20260120,51,12,13,5,392.05,39.21,1764.22,0.00
706,20260219,157,1,35,4,250.64,12.53,952.43,0.00
707,20260418,129,4,26,5,4860.09,0.00,24300.45,0.00
708,20260819,14,11,10,1,373.96,0.00,373.96,0.00
709,20260527,189,14,28,4,3150.34,315.03,11341.22,0.00
710,20260114,43,6,34,3,340.25,0.00,1020.75,0.00
711,20261125,119,2,17,4,4838.04,241.90,18384.55,0.00
712,20260315,50,6,38,1,1104.26,110.43,993.83,0.00
713,20260707,163,17,6,3,572.05,28.60,1630.34,0.00
714,20261112,176,3,40,5,633.93,63.39,2852.68,0.00
715,20260920,114,17,35,2,250.64,37.60,426.09,0.00
716,20260609,177,22,20,4,41369.75,6205.46,140657.15,0.00
717,20260205,166,14,7,5,3413.55,341.36,15360.98,0.00
718,20260208,108,4,7,5,3413.55,170.68,16214.36,0.00
719,20261009,29,12,25,1,2914.87,0.00,2914.87,0.00
720,20260203,13,22,40,2,633.93,63.39,1141.07,0.00
721,20261003,31,22,37,4,157.45,7.87,598.31,0.00
722,20260521,75,6,7,5,3413.55,341.36,15360.98,0.00
723,20261020,108,3,1,4,1810.89,181.09,6519.20,0.00
724,20260124,188,16,32,5,4212.19,421.22,18954.85,0.00
725,20260713,187,17,38,2,1104.26,55.21,2098.09,0.00
726,20260417,113,20,33,2,529.26,0.00,1058.52,0.00
727,20261215,156,12,18,5,57972.29,2898.61,275368.38,0.00
728,20260719,70,23,21,1,8200.26,410.01,7790.25,0.00
729,20260809,68,15,31,1,2187.92,218.79,1969.13,0.00
730,20260522,3,13,9,1,278.18,0.00,278.18,0.00
731,20260320,19,8,17,1,4838.04,0.00,4838.04,0.00
732,20260526,12,24,38,3,1104.26,165.64,2815.86,0.00
733,20260621,140,13,1,4,1810.89,90.54,6881.38,0.00
734,20260505,107,3,1,5,1810.89,0.00,9054.45,0.00
735,20260627,116,16,35,2,250.64,25.06,451.15,0.00
736,20260211,157,18,12,5,269.11,0.00,1345.55,0.00
737,20261214,172,8,34,3,340.25,34.02,918.68,0.00
738,20260222,159,6,36,4,1192.53,0.00,4770.12,0.00
739,20260427,61,18,9,1,278.18,13.91,264.27,0.00
740,20260621,30,20,29,4,807.07,40.35,3066.87,0.00
741,20260922,134,14,21,2,8200.26,820.03,14760.47,0.00
742,20260806,92,22,17,5,4838.04,241.90,22980.69,0.00
743,20261117,116,1,5,2,2603.90,390.58,4426.63,0.00
744,20260327,7,2,23,4,16268.02,0.00,65072.08,0.00
745,20261007,161,20,22,5,3028.92,302.89,13630.14,0.00
746,20260704,146,5,21,3,8200.26,0.00,24600.78,0.00
747,20261224,37,13,40,2,633.93,31.70,1204.47,0.00
748,20260831,19,6,35,1,250.64,25.06,225.58,0.00
749,20261206,159,21,40,4,633.93,31.70,2408.93,0.00
750,20261006,69,3,39,4,1191.21,59.56,4526.60,0.00
751,20260813,66,9,19,1,18972.21,0.00,18972.21,0.00
752,20261025,128,3,15,5,494.31,49.43,2224.40,0.00
753,20260819,48,5,21,5,8200.26,410.01,38951.24,0.00
754,20260511,43,8,34,1,340.25,17.01,323.24,0.00
755,20261214,7,8,7,1,3413.55,0.00,3413.55,0.00
756,20260320,74,8,1,2,1810.89,181.09,3259.60,0.00
757,20260217,165,21,40,5,633.93,0.00,3169.65,0.00
758,20260127,75,17,11,2,508.89,25.44,966.89,0.00
759,20260710,40,4,16,2,505.66,50.57,910.19,0.00
760,20260118,116,22,34,4,340.25,17.01,1292.95,0.00
761,20260723,22,3,3,3,1046.07,52.30,2981.30,0.00
762,20260117,167,9,1,3,1810.89,181.09,4889.40,0.00
763,20261102,164,5,36,4,1192.53,119.25,4293.11,0.00
764,20260116,68,10,21,2,8200.26,0.00,16400.52,0.00
765,20260101,195,7,36,2,1192.53,59.63,2265.81,0.00
766,20260601,199,21,14,5,199.76,19.98,898.92,0.00
767,20260704,75,21,16,4,505.66,25.28,1921.51,0.00
768,20260210,43,17,35,1,250.64,12.53,238.11,0.00
769,20261022,82,23,9,5,278.18,13.91,1321.36,0.00
770,20261115,85,24,8,1,1136.39,56.82,1079.57,0.00
771,20261228,112,16,27,4,4721.70,0.00,18886.80,0.00
772,20260612,68,11,10,4,373.96,37.40,1346.26,0.00
773,20260819,92,23,29,2,807.07,0.00,1614.14,0.00
774,20260211,182,17,35,2,250.64,0.00,501.28,0.00
775,20261110,189,15,14,1,199.76,29.96,169.80,0.00
776,20261110,34,20,26,5,4860.09,729.01,20655.38,0.00
777,20260924,182,1,16,2,505.66,50.57,910.19,0.00
778,20260713,110,21,30,2,608.05,0.00,1216.10,0.00
779,20261220,155,17,39,4,1191.21,119.12,4288.36,0.00
780,20260101,185,13,9,2,278.18,13.91,528.54,0.00
781,20260416,135,19,39,5,1191.21,119.12,5360.44,0.00
782,20260204,121,1,31,4,2187.92,109.40,8314.10,0.00
783,20261203,50,5,13,3,392.05,0.00,1176.15,0.00
784,20260114,200,19,14,5,199.76,9.99,948.86,0.00
785,20261124,60,20,11,3,508.89,50.89,1374.00,0.00
786,20260609,19,5,23,3,16268.02,813.40,46363.86,0.00
787,20260305,46,20,29,2,807.07,0.00,1614.14,0.00
788,20260404,49,4,8,1,1136.39,0.00,1136.39,0.00
789,20260927,145,9,38,1,1104.26,0.00,1104.26,0.00
790,20260219,7,12,2,1,3061.98,153.10,2908.88,0.00
791,20261208,22,11,39,2,1191.21,59.56,2263.30,0.00
792,20260713,130,7,32,3,4212.19,421.22,11372.91,0.00
793,20261011,42,4,13,2,392.05,0.00,784.10,0.00
794,20260109,23,22,20,4,41369.75,0.00,165479.00,0.00
795,20261217,144,20,15,4,494.31,49.43,1779.52,0.00
796,20261105,109,8,2,2,3061.98,0.00,6123.96,0.00
797,20260228,146,11,21,5,8200.26,410.01,38951.24,0.00
798,20261114,11,8,5,2,2603.90,0.00,5207.80,0.00
799,20260813,50,17,21,4,8200.26,0.00,32801.04,0.00
800,20260626,105,17,34,2,340.25,17.01,646.48,0.00
801,20261015,123,8,22,5,3028.92,302.89,13630.14,0.00
802,20260809,121,16,15,5,494.31,24.72,2347.97,0.00
803,20260526,79,13,3,4,1046.07,52.30,3975.07,0.00
804,20260105,181,7,30,1,608.05,0.00,608.05,0.00
805,20260828,176,17,15,3,494.31,0.00,1482.93,0.00
806,20260101,163,11,3,2,1046.07,156.91,1778.32,0.00
807,20261221,3,3,37,2,157.45,7.87,299.15,0.00
808,20261108,178,14,37,4,157.45,7.87,598.31,0.00
809,20260305,20,16,33,5,529.26,52.93,2381.67,0.00
810,20261126,181,23,31,1,2187.92,0.00,2187.92,0.00
811,20261024,134,16,20,1,41369.75,2068.49,39301.26,0.00
812,20260606,68,16,25,3,2914.87,145.74,8307.38,0.00
813,20261211,127,20,6,4,572.05,0.00,2288.20,0.00
814,20260607,74,4,14,4,199.76,19.98,719.14,0.00
815,20260802,116,15,28,5,3150.34,472.55,13388.94,0.00
816,20261130,13,2,20,5,41369.75,2068.49,196506.31,0.00
817,20260301,128,8,6,1,572.05,57.20,514.84,0.00
818,20261004,156,17,16,3,505.66,50.57,1365.28,0.00
819,20260720,137,6,14,4,199.76,0.00,799.04,0.00
820,20260729,147,4,27,2,4721.70,0.00,9443.40,0.00
821,20260702,133,7,23,1,16268.02,813.40,15454.62,0.00
822,20260407,137,1,36,1,1192.53,119.25,1073.28,0.00
823,20260410,47,23,19,5,18972.21,0.00,94861.05,0.00
824,20260107,153,17,25,3,2914.87,291.49,7870.15,0.00
825,20260217,105,5,13,1,392.05,0.00,392.05,0.00
826,20260112,150,16,40,1,633.93,63.39,570.54,0.00
827,20260401,122,15,23,5,16268.02,0.00,81340.10,0.00
828,20261204,134,11,11,5,508.89,76.33,2162.78,0.00
829,20260221,195,18,11,4,508.89,76.33,1730.23,0.00
830,20260508,122,13,14,5,199.76,0.00,998.80,0.00
831,20260309,39,22,15,3,494.31,74.15,1260.49,0.00
832,20261113,69,23,18,3,57972.29,5797.23,156525.18,0.00
833,20260223,50,10,22,2,3028.92,151.45,5754.95,0.00
834,20260113,187,10,16,1,505.66,50.57,455.09,0.00
835,20261224,139,9,20,1,41369.75,0.00,41369.75,0.00
836,20260113,139,24,19,2,18972.21,1897.22,34149.98,0.00
837,20261113,22,21,9,4,278.18,27.82,1001.45,0.00
838,20260629,161,17,1,3,1810.89,181.09,4889.40,0.00
839,20260102,74,20,40,3,633.93,0.00,1901.79,0.00
840,20260930,123,3,38,5,1104.26,55.21,5245.24,0.00
841,20261229,126,17,32,5,4212.19,210.61,20007.90,0.00
842,20260105,165,6,18,1,57972.29,2898.61,55073.68,0.00
843,20260504,72,3,34,3,340.25,17.01,969.71,0.00
844,20260723,185,8,18,1,57972.29,8695.84,49276.45,0.00
845,20260130,135,19,15,5,494.31,24.72,2347.97,0.00
846,20260501,20,10,29,2,807.07,0.00,1614.14,0.00
847,20260522,66,20,38,1,1104.26,55.21,1049.05,0.00
848,20261212,27,23,18,5,57972.29,0.00,289861.45,0.00
849,20261001,59,10,16,2,505.66,0.00,1011.32,0.00
850,20260201,68,24,7,5,3413.55,0.00,17067.75,0.00
851,20260823,169,22,16,2,505.66,50.57,910.19,0.00
852,20261005,81,10,8,1,1136.39,56.82,1079.57,0.00
853,20260522,198,8,2,3,3061.98,153.10,8726.64,0.00
854,20260109,18,10,6,4,572.05,57.20,2059.38,0.00
855,20260611,124,5,36,5,1192.53,0.00,5962.65,0.00
856,20260722,164,21,23,1,16268.02,1626.80,14641.22,0.00
857,20261202,158,10,24,3,19390.95,2908.64,49446.92,0.00
858,20260510,166,11,29,5,807.07,40.35,3833.58,0.00
859,20260112,110,13,23,2,16268.02,1626.80,29282.44,0.00
860,20260205,110,15,9,4,278.18,0.00,1112.72,0.00
861,20260327,57,18,18,2,57972.29,5797.23,104350.12,0.00
862,20260612,49,12,3,1,1046.07,52.30,993.77,0.00
863,20260929,25,22,22,1,3028.92,454.34,2574.58,0.00
864,20260126,105,17,38,3,1104.26,0.00,3312.78,0.00
865,20260512,145,9,25,5,2914.87,437.23,12388.20,0.00
866,20261017,138,4,20,2,41369.75,0.00,82739.50,0.00
867,20261114,17,8,30,2,608.05,60.80,1094.49,0.00
868,20260217,187,6,34,4,340.25,34.02,1224.90,0.00
869,20260917,27,21,24,1,19390.95,969.55,18421.40,0.00
870,20260108,192,8,21,4,8200.26,820.03,29520.94,0.00
871,20261013,116,13,16,4,505.66,75.85,1719.24,0.00
872,20261209,49,7,36,1,1192.53,59.63,1132.90,0.00
873,20260402,76,23,21,4,8200.26,0.00,32801.04,0.00
874,20260618,189,6,11,4,508.89,50.89,1832.00,0.00
875,20260713,38,14,13,1,392.05,19.60,372.45,0.00
876,20260323,59,2,28,5,3150.34,157.52,14964.12,0.00
877,20260520,52,15,23,2,16268.02,813.40,30909.24,0.00
878,20261226,103,3,32,4,4212.19,421.22,15163.88,0.00
879,20261015,52,10,3,3,1046.07,0.00,3138.21,0.00
880,20260319,199,9,20,5,41369.75,2068.49,196506.31,0.00
881,20260420,164,16,36,1,1192.53,178.88,1013.65,0.00
882,20260729,130,6,5,3,2603.90,130.20,7421.12,0.00
883,20260316,141,24,22,1,3028.92,151.45,2877.47,0.00
884,20260313,197,22,15,4,494.31,0.00,1977.24,0.00
885,20260917,89,20,22,3,3028.92,0.00,9086.76,0.00
886,20260315,149,18,27,4,4721.70,236.08,17942.46,0.00
887,20260319,95,11,38,5,1104.26,0.00,5521.30,0.00
888,20260807,175,12,10,5,373.96,0.00,1869.80,0.00
889,20260811,23,7,12,2,269.11,13.46,511.31,0.00
890,20260529,176,21,3,4,1046.07,52.30,3975.07,0.00
891,20261111,79,1,5,5,2603.90,0.00,13019.50,0.00
892,20260317,10,15,6,4,572.05,0.00,2288.20,0.00
893,20260609,31,14,37,2,157.45,0.00,314.90,0.00
894,20260416,47,4,15,2,494.31,0.00,988.62,0.00
895,20261108,71,19,1,4,1810.89,90.54,6881.38,0.00
896,20260414,143,8,18,5,57972.29,0.00,289861.45,0.00
897,20260424,167,14,2,1,3061.98,0.00,3061.98,0.00
898,20260121,137,9,19,4,18972.21,0.00,75888.84,0.00
899,20260809,130,6,30,5,608.05,0.00,3040.25,0.00
900,20260817,160,11,7,1,3413.55,170.68,3242.87,0.00
901,20260107,16,18,22,1,3028.92,454.34,2574.58,0.00
902,20260720,26,21,37,3,157.45,15.74,425.11,0.00
903,20260109,99,5,36,4,1192.53,0.00,4770.12,0.00
904,20260801,26,6,29,5,807.07,80.71,3631.82,0.00
905,20260707,131,9,5,1,2603.90,0.00,2603.90,0.00
906,20260119,64,4,14,5,199.76,0.00,998.80,0.00
907,20260214,147,22,15,2,494.31,49.43,889.76,0.00
908,20260418,162,16,3,4,1046.07,104.61,3765.85,0.00
909,20260422,57,1,10,1,373.96,0.00,373.96,0.00
910,20260518,182,3,29,3,807.07,80.71,2179.09,0.00
911,20260210,130,15,14,5,199.76,9.99,948.86,0.00
912,20260112,28,11,16,2,505.66,0.00,1011.32,0.00
913,20261001,35,6,6,3,572.05,57.20,1544.54,0.00
914,20260816,121,15,24,2,19390.95,0.00,38781.90,0.00
915,20260128,146,16,32,3,4212.19,210.61,12004.74,0.00
916,20260624,48,21,33,3,529.26,52.93,1429.00,0.00
917,20260220,70,13,37,4,157.45,7.87,598.31,0.00
918,20260520,188,24,2,2,3061.98,153.10,5817.76,0.00
919,20260629,196,22,36,1,1192.53,0.00,1192.53,0.00
920,20260607,25,10,29,5,807.07,0.00,4035.35,0.00
921,20261022,28,17,20,5,41369.75,2068.49,196506.31,0.00
922,20261121,182,13,20,1,41369.75,0.00,41369.75,0.00
923,20260211,63,4,28,3,3150.34,0.00,9451.02,0.00
924,20260831,98,19,6,3,572.05,0.00,1716.15,0.00
925,20261022,54,9,35,1,250.64,25.06,225.58,0.00
926,20261107,26,5,37,5,157.45,0.00,787.25,0.00
927,20260912,122,7,1,4,1810.89,181.09,6519.20,0.00
928,20260930,46,23,15,3,494.31,0.00,1482.93,0.00
929,20261224,106,7,39,3,1191.21,59.56,3394.95,0.00
930,20260426,186,7,28,5,3150.34,315.03,14176.53,0.00
931,20260217,181,9,6,3,572.05,57.20,1544.54,0.00
932,20260811,116,23,23,5,16268.02,1626.80,73206.09,0.00
933,20261215,74,7,7,1,3413.55,170.68,3242.87,0.00
934,20260729,102,3,31,5,2187.92,218.79,9845.64,0.00
935,20260712,172,21,25,3,2914.87,291.49,7870.15,0.00
936,20260514,194,19,29,1,807.07,80.71,726.36,0.00
937,20261204,93,23,34,2,340.25,0.00,680.50,0.00
938,20261026,124,21,29,4,807.07,0.00,3228.28,0.00
939,20261104,19,19,24,1,19390.95,0.00,19390.95,0.00
940,20261120,166,20,3,5,1046.07,52.30,4968.83,0.00
941,20260303,38,24,16,3,505.66,0.00,1516.98,0.00
942,20260901,9,21,15,3,494.31,0.00,1482.93,0.00
943,20260525,72,8,7,5,3413.55,341.36,15360.98,0.00
944,20260330,174,21,21,5,8200.26,820.03,36901.17,0.00
945,20260102,86,3,15,3,494.31,24.72,1408.78,0.00
946,20260309,95,12,5,2,2603.90,260.39,4687.02,0.00
947,20260319,10,13,26,5,4860.09,729.01,20655.38,0.00
948,20260316,160,19,7,5,3413.55,341.36,15360.98,0.00
949,20260529,114,15,24,5,19390.95,0.00,96954.75,0.00
950,20260708,106,24,15,2,494.31,24.72,939.19,0.00
951,20261228,74,19,31,1,2187.92,328.19,1859.73,0.00
952,20260309,94,11,39,3,1191.21,0.00,3573.63,0.00
953,20260817,105,5,20,1,41369.75,4136.98,37232.78,0.00
954,20261106,96,15,39,2,1191.21,59.56,2263.30,0.00
955,20260615,165,22,34,5,340.25,51.04,1446.06,0.00
956,20260922,42,21,3,3,1046.07,104.61,2824.39,0.00
957,20260813,4,10,30,4,608.05,0.00,2432.20,0.00
958,20260419,136,13,16,3,505.66,75.85,1289.43,0.00
959,20260609,9,6,33,2,529.26,26.46,1005.59,0.00
960,20260501,195,21,3,5,1046.07,104.61,4707.31,0.00
961,20261127,142,6,37,5,157.45,15.74,708.52,0.00
962,20260831,158,18,29,5,807.07,40.35,3833.58,0.00
963,20260311,176,17,16,1,505.66,0.00,505.66,0.00
964,20260829,154,19,39,1,1191.21,119.12,1072.09,0.00
965,20261226,115,6,27,3,4721.70,236.08,13456.84,0.00
966,20260209,18,20,16,4,505.66,25.28,1921.51,0.00
967,20260218,103,4,22,4,3028.92,0.00,12115.68,0.00
968,20260927,16,15,10,4,373.96,0.00,1495.84,0.00
969,20260817,184,1,32,4,4212.19,210.61,16006.32,0.00
970,20260306,135,8,25,4,2914.87,291.49,10493.53,0.00
971,20261228,159,21,24,4,19390.95,0.00,77563.80,0.00
972,20260120,65,22,22,5,3028.92,302.89,13630.14,0.00
973,20260527,79,7,27,5,4721.70,0.00,23608.50,0.00
974,20260219,21,24,9,5,278.18,27.82,1251.81,0.00
975,20260423,41,11,12,1,269.11,0.00,269.11,0.00
976,20260313,38,22,34,2,340.25,34.02,612.45,0.00
977,20261210,129,15,26,5,4860.09,243.00,23085.43,0.00
978,20260715,78,7,35,4,250.64,0.00,1002.56,0.00
979,20260616,63,7,33,3,529.26,0.00,1587.78,0.00
980,20260915,147,10,8,5,1136.39,113.64,5113.76,0.00
981,20260707,67,12,12,1,269.11,0.00,269.11,0.00
982,20260219,75,9,1,4,1810.89,90.54,6881.38,0.00
983,20260131,134,7,38,3,1104.26,0.00,3312.78,0.00
984,20260601,155,10,13,1,392.05,19.60,372.45,0.00
985,20260107,42,3,18,4,57972.29,2898.61,220294.70,0.00
986,20261202,197,13,12,5,269.11,0.00,1345.55,0.00
987,20260104,154,7,4,1,703.29,70.33,632.96,0.00
988,20260731,8,10,21,2,8200.26,0.00,16400.52,0.00
989,20260808,94,11,1,5,1810.89,0.00,9054.45,0.00
990,20260828,114,1,2,5,3061.98,459.30,13013.42,0.00
991,20260101,79,19,27,5,4721.70,472.17,21247.65,0.00
992,20260910,137,4,21,2,8200.26,0.00,16400.52,0.00
993,20260608,138,22,1,2,1810.89,181.09,3259.60,0.00
994,20261103,125,1,25,5,2914.87,437.23,12388.20,0.00
995,20260220,182,22,22,4,3028.92,151.45,11509.90,0.00
996,20260212,105,24,2,2,3061.98,459.30,5205.37,0.00
997,20260829,40,13,14,3,199.76,19.98,539.35,0.00
998,20260320,114,1,26,1,4860.09,0.00,4860.09,0.00
999,20260718,182,15,11,1,508.89,0.00,508.89,0.00
1000,20260625,178,10,39,3,1191.21,59.56,3394.95,0.00
1001,20260302,82,10,19,1,18972.21,1897.22,17074.99,0.00
1002,20261117,124,10,34,3,340.25,17.01,969.71,0.00
1003,20260418,2,13,33,3,529.26,26.46,1508.39,0.00
1004,20260110,42,11,29,5,807.07,0.00,4035.35,0.00
1005,20260704,116,3,30,1,608.05,0.00,608.05,0.00
1006,20260320,99,20,22,2,3028.92,0.00,6057.84,0.00
1007,20260326,146,20,2,1,3061.98,0.00,3061.98,0.00
1008,20260414,42,5,11,1,508.89,0.00,508.89,0.00
1009,20260321,172,19,16,4,505.66,0.00,2022.64,0.00
1010,20261218,30,16,6,3,572.05,57.20,1544.54,0.00
1011,20261111,1,8,28,3,3150.34,0.00,9451.02,0.00
1012,20261218,99,20,14,1,199.76,9.99,189.77,0.00
1013,20261130,28,2,30,2,608.05,0.00,1216.10,0.00
1014,20260130,161,14,7,5,3413.55,512.03,14507.59,0.00
1015,20260223,104,19,9,2,278.18,0.00,556.36,0.00
1016,20260519,38,6,24,3,19390.95,969.55,55264.21,0.00
1017,20260717,147,6,22,3,3028.92,302.89,8178.08,0.00
1018,20260424,186,23,14,5,199.76,0.00,998.80,0.00
1019,20260918,186,3,23,4,16268.02,1626.80,58564.87,0.00
1020,20260329,75,2,10,4,373.96,37.40,1346.26,0.00
1021,20260112,193,23,40,2,633.93,0.00,1267.86,0.00
1022,20260930,83,2,20,1,41369.75,2068.49,39301.26,0.00
1023,20260221,199,4,21,2,8200.26,0.00,16400.52,0.00
1024,20260310,82,6,18,4,57972.29,5797.23,208700.24,0.00
1025,20260208,1,11,26,4,4860.09,486.01,17496.32,0.00
1026,20260326,21,12,37,3,157.45,0.00,472.35,0.00
1027,20260816,168,24,22,2,3028.92,454.34,5149.16,0.00
1028,20260621,180,21,9,5,278.18,0.00,1390.90,0.00
1029,20260411,2,23,24,3,19390.95,0.00,58172.85,0.00
1030,20260308,29,18,7,2,3413.55,170.68,6485.75,0.00
1031,20261025,129,14,35,2,250.64,0.00,501.28,0.00
1032,20260326,15,17,7,3,3413.55,0.00,10240.65,0.00
1033,20260519,70,18,14,5,199.76,19.98,898.92,0.00
1034,20260626,51,12,6,1,572.05,57.20,514.84,0.00
1035,20260416,114,3,30,5,608.05,0.00,3040.25,0.00
1036,20261215,116,16,9,3,278.18,27.82,751.09,0.00
1037,20260714,147,10,12,1,269.11,0.00,269.11,0.00
1038,20260218,60,5,23,5,16268.02,2440.20,69139.09,0.00
1039,20260131,116,11,32,5,4212.19,210.61,20007.90,0.00
1040,20260226,30,10,29,5,807.07,40.35,3833.58,0.00
1041,20260809,66,7,13,3,392.05,39.21,1058.54,0.00
1042,20260513,75,13,27,4,4721.70,0.00,18886.80,0.00
1043,20260917,190,6,35,5,250.64,25.06,1127.88,0.00
1044,20260117,106,17,17,4,4838.04,0.00,19352.16,0.00
1045,20260320,113,12,4,4,703.29,70.33,2531.84,0.00
1046,20260326,10,19,35,4,250.64,0.00,1002.56,0.00
1047,20261119,121,23,36,3,1192.53,0.00,3577.59,0.00
1048,20260524,84,8,25,4,2914.87,0.00,11659.48,0.00
1049,20260216,178,7,5,3,2603.90,130.20,7421.12,0.00
1050,20261016,147,21,1,1,1810.89,90.54,1720.35,0.00
1051,20260830,86,20,39,4,1191.21,0.00,4764.84,0.00
1052,20260724,158,10,39,1,1191.21,59.56,1131.65,0.00
1053,20261121,86,22,20,1,41369.75,6205.46,35164.29,0.00
1054,20260203,81,22,10,5,373.96,56.09,1589.33,0.00
1055,20260125,157,5,10,2,373.96,37.40,673.13,0.00
1056,20260118,126,7,39,4,1191.21,0.00,4764.84,0.00
1057,20260730,86,15,40,4,633.93,31.70,2408.93,0.00
1058,20260401,120,14,30,2,608.05,30.40,1155.29,0.00
1059,20260506,185,7,7,3,3413.55,170.68,9728.62,0.00
1060,20260913,135,1,30,3,608.05,30.40,1732.94,0.00
1061,20261024,90,23,4,4,703.29,0.00,2813.16,0.00
1062,20260720,115,19,22,3,3028.92,0.00,9086.76,0.00
1063,20260619,183,12,24,3,19390.95,0.00,58172.85,0.00
1064,20260605,111,10,37,4,157.45,0.00,629.80,0.00
1065,20260703,67,2,20,5,41369.75,2068.49,196506.31,0.00
1066,20260303,78,12,5,4,2603.90,260.39,9374.04,0.00
1067,20260225,30,18,21,5,8200.26,820.03,36901.17,0.00
1068,20260809,8,3,17,2,4838.04,241.90,9192.28,0.00
1069,20260802,119,12,25,2,2914.87,145.74,5538.25,0.00
1070,20260202,84,9,29,3,807.07,80.71,2179.09,0.00
1071,20260819,133,6,26,1,4860.09,243.00,4617.09,0.00
1072,20261210,140,18,22,3,3028.92,151.45,8632.42,0.00
1073,20260507,185,7,2,5,3061.98,459.30,13013.42,0.00
1074,20260624,5,20,26,2,4860.09,243.00,9234.17,0.00
1075,20260412,64,11,23,5,16268.02,0.00,81340.10,0.00
1076,20260422,119,5,1,2,1810.89,0.00,3621.78,0.00
1077,20260825,142,18,24,5,19390.95,0.00,96954.75,0.00
1078,20260720,78,8,40,5,633.93,95.09,2694.20,0.00
1079,20260525,40,16,40,3,633.93,31.70,1806.70,0.00
1080,20260301,79,22,7,4,3413.55,0.00,13654.20,0.00
1081,20260218,51,12,22,4,3028.92,0.00,12115.68,0.00
1082,20260323,28,16,31,1,2187.92,0.00,2187.92,0.00
1083,20261101,101,22,15,1,494.31,0.00,494.31,0.00
1084,20260721,45,24,19,4,18972.21,0.00,75888.84,0.00
1085,20260614,34,11,12,2,269.11,13.46,511.31,0.00
1086,20261128,177,5,5,3,2603.90,130.20,7421.12,0.00
1087,20260716,54,24,17,2,4838.04,0.00,9676.08,0.00
1088,20260805,25,18,8,2,1136.39,56.82,2159.14,0.00
1089,20261225,60,22,33,1,529.26,26.46,502.80,0.00
1090,20260718,179,3,25,5,2914.87,145.74,13845.63,0.00
1091,20261223,58,2,1,1,1810.89,90.54,1720.35,0.00
1092,20260601,194,7,2,3,3061.98,459.30,7808.05,0.00
1093,20260119,11,22,20,1,41369.75,0.00,41369.75,0.00
1094,20260115,30,3,26,5,4860.09,0.00,24300.45,0.00
1095,20260722,75,3,13,1,392.05,0.00,392.05,0.00
1096,20260723,83,6,24,3,19390.95,2908.64,49446.92,0.00
1097,20260605,60,9,4,5,703.29,0.00,3516.45,0.00
1098,20260619,76,11,20,1,41369.75,0.00,41369.75,0.00
1099,20260506,67,12,17,2,4838.04,483.80,8708.47,0.00
1100,20260121,124,13,30,2,608.05,30.40,1155.29,0.00
1101,20260211,100,24,36,3,1192.53,0.00,3577.59,0.00
1102,20260702,92,3,21,4,8200.26,820.03,29520.94,0.00
1103,20261210,176,10,31,2,2187.92,109.40,4157.05,0.00
1104,20260107,121,15,39,2,1191.21,0.00,2382.42,0.00
1105,20260611,7,1,34,5,340.25,17.01,1616.19,0.00
1106,20260728,50,23,17,5,4838.04,725.71,20561.67,0.00
1107,20261103,190,22,8,2,1136.39,113.64,2045.50,0.00
1108,20260623,18,10,3,1,1046.07,0.00,1046.07,0.00
1109,20261112,44,16,1,1,1810.89,271.63,1539.26,0.00
1110,20260109,56,8,37,5,157.45,15.74,708.52,0.00
1111,20261106,100,20,30,5,608.05,60.80,2736.22,0.00
1112,20260831,131,8,21,5,8200.26,0.00,41001.30,0.00
1113,20260406,4,3,32,2,4212.19,631.83,7160.72,0.00
1114,20260527,167,24,40,5,633.93,31.70,3011.17,0.00
1115,20260705,14,13,18,3,57972.29,0.00,173916.87,0.00
1116,20260807,158,24,3,3,1046.07,104.61,2824.39,0.00
1117,20260503,130,13,31,4,2187.92,109.40,8314.10,0.00
1118,20260127,69,5,21,4,8200.26,410.01,31160.99,0.00
1119,20260512,88,21,15,2,494.31,0.00,988.62,0.00
1120,20260709,186,10,23,2,16268.02,2440.20,27655.63,0.00
1121,20260927,42,4,1,3,1810.89,181.09,4889.40,0.00
1122,20260618,79,17,11,5,508.89,76.33,2162.78,0.00
1123,20260801,9,1,30,2,608.05,91.21,1033.68,0.00
1124,20260224,176,13,15,5,494.31,24.72,2347.97,0.00
1125,20260103,72,2,39,3,1191.21,0.00,3573.63,0.00
1126,20261207,177,3,13,5,392.05,19.60,1862.24,0.00
1127,20260114,175,12,1,5,1810.89,271.63,7696.28,0.00
1128,20260227,156,8,26,4,4860.09,0.00,19440.36,0.00
1129,20261229,170,13,7,4,3413.55,0.00,13654.20,0.00
1130,20260820,162,19,6,3,572.05,57.20,1544.54,0.00
1131,20260714,107,9,19,4,18972.21,0.00,75888.84,0.00
1132,20260914,105,23,16,4,505.66,0.00,2022.64,0.00
1133,20260716,102,9,17,2,4838.04,0.00,9676.08,0.00
1134,20260315,107,8,11,1,508.89,0.00,508.89,0.00
1135,20260330,54,21,26,3,4860.09,729.01,12393.23,0.00
1136,20260410,140,3,21,5,8200.26,0.00,41001.30,0.00
1137,20260610,175,11,33,5,529.26,52.93,2381.67,0.00
1138,20261206,11,11,35,1,250.64,25.06,225.58,0.00
1139,20261114,62,19,12,4,269.11,13.46,1022.62,0.00
1140,20261014,58,24,38,3,1104.26,55.21,3147.14,0.00
1141,20260620,139,18,12,5,269.11,0.00,1345.55,0.00
1142,20260818,179,10,8,2,1136.39,56.82,2159.14,0.00
1143,20260706,199,15,3,2,1046.07,156.91,1778.32,0.00
1144,20260520,15,22,23,5,16268.02,1626.80,73206.09,0.00
1145,20260717,152,11,3,2,1046.07,0.00,2092.14,0.00
1146,20260927,174,13,24,2,19390.95,0.00,38781.90,0.00
1147,20260806,180,15,13,1,392.05,39.21,352.84,0.00
1148,20260202,79,15,5,5,2603.90,390.58,11066.58,0.00
1149,20260204,25,10,18,1,57972.29,2898.61,55073.68,0.00
1150,20260304,52,7,15,3,494.31,49.43,1334.64,0.00
1151,20260101,139,17,26,1,4860.09,729.01,4131.08,0.00
1152,20261023,2,1,18,1,57972.29,2898.61,55073.68,0.00
1153,20260519,142,11,9,2,278.18,13.91,528.54,0.00
1154,20260521,170,21,8,3,1136.39,0.00,3409.17,0.00
1155,20260428,103,20,25,4,2914.87,0.00,11659.48,0.00
1156,20260404,86,11,6,4,572.05,28.60,2173.79,0.00
1157,20260419,158,4,40,5,633.93,63.39,2852.68,0.00
1158,20261121,194,20,27,1,4721.70,708.26,4013.44,0.00
1159,20260729,31,1,37,2,157.45,15.74,283.41,0.00
1160,20260805,137,4,1,4,1810.89,0.00,7243.56,0.00
1161,20260513,41,24,3,2,1046.07,52.30,1987.53,0.00
1162,20260106,90,20,22,3,3028.92,302.89,8178.08,0.00
1163,20260207,110,18,3,3,1046.07,156.91,2667.48,0.00
1164,20260924,136,13,30,1,608.05,60.80,547.24,0.00
1165,20260621,27,16,38,1,1104.26,0.00,1104.26,0.00
1166,20260227,57,12,20,2,41369.75,4136.98,74465.55,0.00
1167,20260122,8,21,28,2,3150.34,315.03,5670.61,0.00
1168,20261105,75,5,28,3,3150.34,157.52,8978.47,0.00
1169,20260419,171,12,19,4,18972.21,0.00,75888.84,0.00
1170,20260726,189,8,40,2,633.93,0.00,1267.86,0.00
1171,20260730,2,12,3,5,1046.07,52.30,4968.83,0.00
1172,20260831,43,22,28,1,3150.34,0.00,3150.34,0.00
1173,20261202,195,7,34,5,340.25,17.01,1616.19,0.00
1174,20260427,63,5,17,3,4838.04,0.00,14514.12,0.00
1175,20260714,21,12,31,3,2187.92,109.40,6235.57,0.00
1176,20260625,114,22,10,1,373.96,0.00,373.96,0.00
1177,20260312,42,24,10,5,373.96,37.40,1682.82,0.00
1178,20260220,59,8,16,4,505.66,50.57,1820.38,0.00
1179,20261211,62,19,14,2,199.76,19.98,359.57,0.00
1180,20260612,62,8,6,1,572.05,0.00,572.05,0.00
1181,20260719,118,8,37,3,157.45,0.00,472.35,0.00
1182,20260616,153,13,10,4,373.96,18.70,1421.05,0.00
1183,20261107,123,7,32,5,4212.19,210.61,20007.90,0.00
1184,20260121,76,22,17,1,4838.04,483.80,4354.24,0.00
1185,20260319,68,1,5,3,2603.90,130.20,7421.12,0.00
1186,20261004,39,9,36,4,1192.53,119.25,4293.11,0.00
1187,20261105,18,3,7,3,3413.55,0.00,10240.65,0.00
1188,20260701,104,3,5,3,2603.90,0.00,7811.70,0.00
1189,20261123,148,3,3,4,1046.07,104.61,3765.85,0.00
1190,20260624,165,1,13,3,392.05,39.21,1058.54,0.00
1191,20260124,65,20,19,3,18972.21,1897.22,51224.97,0.00
1192,20261223,100,24,19,3,18972.21,1897.22,51224.97,0.00
1193,20260419,25,14,39,4,1191.21,178.68,4050.11,0.00
1194,20260917,143,19,23,2,16268.02,1626.80,29282.44,0.00
1195,20260602,46,22,29,2,807.07,80.71,1452.73,0.00
1196,20260607,52,8,23,1,16268.02,0.00,16268.02,0.00
1197,20260615,26,8,3,3,1046.07,52.30,2981.30,0.00
1198,20260319,6,23,20,3,41369.75,4136.98,111698.32,0.00
1199,20261118,47,7,4,1,703.29,0.00,703.29,0.00
1200,20260328,41,16,27,2,4721.70,472.17,8499.06,0.00
1201,20260726,128,13,34,1,340.25,34.02,306.23,0.00
1202,20260306,148,9,34,1,340.25,51.04,289.21,0.00
1203,20260724,11,22,29,5,807.07,0.00,4035.35,0.00
1204,20260221,165,24,10,1,373.96,18.70,355.26,0.00
1205,20260823,49,14,33,4,529.26,26.46,2011.19,0.00
1206,20260321,72,8,23,4,16268.02,2440.20,55311.27,0.00
1207,20260207,30,13,7,3,3413.55,341.36,9216.59,0.00
1208,20260528,2,2,27,1,4721.70,472.17,4249.53,0.00
1209,20261119,164,5,18,2,57972.29,5797.23,104350.12,0.00
1210,20260204,111,22,24,2,19390.95,2908.64,32964.62,0.00
1211,20261214,110,19,16,1,505.66,0.00,505.66,0.00
1212,20260406,139,21,19,3,18972.21,948.61,54070.80,0.00
1213,20260703,85,14,11,1,508.89,25.44,483.45,0.00
1214,20260914,21,2,39,4,1191.21,59.56,4526.60,0.00
1215,20260821,130,24,6,4,572.05,57.20,2059.38,0.00
1216,20260226,34,2,7,3,3413.55,512.03,8704.55,0.00
1217,20260614,133,3,15,3,494.31,49.43,1334.64,0.00
1218,20260310,110,19,16,4,505.66,25.28,1921.51,0.00
1219,20260205,175,17,33,3,529.26,0.00,1587.78,0.00
1220,20261214,133,19,5,2,2603.90,260.39,4687.02,0.00
1221,20260308,38,17,33,1,529.26,79.39,449.87,0.00
1222,20260804,71,22,7,3,3413.55,341.36,9216.59,0.00
1223,20260219,61,23,26,4,4860.09,486.01,17496.32,0.00
1224,20260304,99,23,1,2,1810.89,90.54,3440.69,0.00
1225,20260218,100,7,1,3,1810.89,271.63,4617.77,0.00
1226,20261004,89,11,2,3,3061.98,0.00,9185.94,0.00
1227,20260621,185,20,17,2,4838.04,241.90,9192.28,0.00
1228,20260122,66,17,21,3,8200.26,0.00,24600.78,0.00
1229,20260420,29,21,34,5,340.25,51.04,1446.06,0.00
1230,20260516,107,21,5,1,2603.90,390.58,2213.32,0.00
1231,20261112,35,9,15,5,494.31,24.72,2347.97,0.00
1232,20261226,143,2,3,1,1046.07,104.61,941.46,0.00
1233,20260724,18,21,40,2,633.93,0.00,1267.86,0.00
1234,20261028,40,24,28,3,3150.34,157.52,8978.47,0.00
1235,20260905,81,23,9,1,278.18,41.73,236.45,0.00
1236,20260213,99,18,9,2,278.18,13.91,528.54,0.00
1237,20260326,43,12,13,2,392.05,0.00,784.10,0.00
1238,20260422,197,12,10,3,373.96,0.00,1121.88,0.00
1239,20260910,78,9,10,5,373.96,37.40,1682.82,0.00
1240,20260627,75,10,20,2,41369.75,4136.98,74465.55,0.00
1241,20261109,60,1,24,2,19390.95,969.55,36842.80,0.00
1242,20260201,73,21,21,4,8200.26,0.00,32801.04,0.00
1243,20260126,8,8,29,4,807.07,80.71,2905.45,0.00
1244,20260405,187,4,9,5,278.18,13.91,1321.36,0.00
1245,20260611,192,19,26,2,4860.09,243.00,9234.17,0.00
1246,20261208,168,12,13,2,392.05,0.00,784.10,0.00
1247,20260930,57,12,15,3,494.31,0.00,1482.93,0.00
1248,20260120,67,23,3,3,1046.07,52.30,2981.30,0.00
1249,20260815,40,19,5,4,2603.90,390.58,8853.26,0.00
1250,20260609,29,6,32,3,4212.19,421.22,11372.91,0.00
1251,20260311,107,7,9,4,278.18,0.00,1112.72,0.00
1252,20261013,111,2,5,3,2603.90,0.00,7811.70,0.00
1253,20260319,35,3,21,2,8200.26,410.01,15580.49,0.00
1254,20260819,53,10,23,3,16268.02,813.40,46363.86,0.00
1255,20260711,162,2,18,1,57972.29,2898.61,55073.68,0.00
1256,20260829,141,10,24,4,19390.95,1939.10,69807.42,0.00
1257,20261211,44,19,12,1,269.11,0.00,269.11,0.00
1258,20261030,45,14,12,3,269.11,13.46,766.96,0.00
1259,20260123,185,23,29,2,807.07,80.71,1452.73,0.00
1260,20260220,163,16,33,3,529.26,52.93,1429.00,0.00
1261,20260722,186,10,37,5,157.45,0.00,787.25,0.00
1262,20260928,191,9,32,3,4212.19,421.22,11372.91,0.00
1263,20260108,68,4,5,1,2603.90,0.00,2603.90,0.00
1264,20260706,106,4,35,4,250.64,25.06,902.30,0.00
1265,20260116,96,2,3,4,1046.07,0.00,4184.28,0.00
1266,20260311,78,2,25,2,2914.87,291.49,5246.77,0.00
1267,20260715,189,14,20,2,41369.75,2068.49,78602.52,0.00
1268,20260110,56,17,25,1,2914.87,0.00,2914.87,0.00
1269,20261006,56,11,40,1,633.93,63.39,570.54,0.00
1270,20260814,192,13,10,3,373.96,18.70,1065.79,0.00
1271,20260808,184,8,18,1,57972.29,5797.23,52175.06,0.00
1272,20260212,133,3,2,5,3061.98,0.00,15309.90,0.00
1273,20260928,9,9,38,5,1104.26,0.00,5521.30,0.00
1274,20261022,178,4,31,1,2187.92,218.79,1969.13,0.00
1275,20260322,140,11,17,5,4838.04,241.90,22980.69,0.00
1276,20260628,183,24,40,2,633.93,63.39,1141.07,0.00
1277,20261103,76,4,34,4,340.25,0.00,1361.00,0.00
1278,20260924,109,8,29,5,807.07,40.35,3833.58,0.00
1279,20260603,63,17,11,1,508.89,0.00,508.89,0.00
1280,20260102,111,11,7,2,3413.55,512.03,5803.04,0.00
1281,20260521,76,14,6,5,572.05,0.00,2860.25,0.00
1282,20260505,166,23,15,3,494.31,24.72,1408.78,0.00
1283,20261008,60,13,17,3,4838.04,0.00,14514.12,0.00
1284,20260630,66,19,11,4,508.89,0.00,2035.56,0.00
1285,20260214,93,7,29,5,807.07,0.00,4035.35,0.00
1286,20260116,104,3,29,1,807.07,40.35,766.72,0.00
1287,20261010,49,7,16,5,505.66,50.57,2275.47,0.00
1288,20260203,111,24,8,5,1136.39,113.64,5113.76,0.00
1289,20261128,166,2,21,4,8200.26,0.00,32801.04,0.00
1290,20260522,73,11,17,5,4838.04,0.00,24190.20,0.00
1291,20261120,25,11,16,4,505.66,75.85,1719.24,0.00
1292,20261219,131,17,11,5,508.89,25.44,2417.23,0.00
1293,20260808,123,1,23,5,16268.02,1626.80,73206.09,0.00
1294,20261202,60,3,2,4,3061.98,153.10,11635.52,0.00
1295,20260310,148,5,30,4,608.05,0.00,2432.20,0.00
1296,20260201,15,19,25,4,2914.87,145.74,11076.51,0.00
1297,20260323,152,18,36,3,1192.53,178.88,3040.95,0.00
1298,20260326,178,24,30,1,608.05,30.40,577.65,0.00
1299,20260903,24,2,32,3,4212.19,210.61,12004.74,0.00
1300,20260722,166,11,18,3,57972.29,2898.61,165221.03,0.00
1301,20260330,148,23,7,2,3413.55,0.00,6827.10,0.00
1302,20260327,2,17,13,3,392.05,0.00,1176.15,0.00
1303,20260626,190,11,26,4,4860.09,243.00,18468.34,0.00
1304,20261013,192,4,20,2,41369.75,0.00,82739.50,0.00
1305,20261003,157,10,38,1,1104.26,0.00,1104.26,0.00
1306,20260109,8,3,21,2,8200.26,410.01,15580.49,0.00
1307,20260304,117,12,9,5,278.18,13.91,1321.36,0.00
1308,20261025,157,24,15,2,494.31,0.00,988.62,0.00
1309,20260915,61,14,33,5,529.26,26.46,2513.98,0.00
1310,20260414,32,23,24,1,19390.95,1939.10,17451.86,0.00
1311,20260909,84,24,16,1,505.66,0.00,505.66,0.00
1312,20261108,131,12,27,1,4721.70,472.17,4249.53,0.00
1313,20260212,13,1,26,5,4860.09,729.01,20655.38,0.00
1314,20260717,175,1,19,3,18972.21,1897.22,51224.97,0.00
1315,20260713,14,22,29,2,807.07,40.35,1533.43,0.00
1316,20261022,113,5,7,1,3413.55,0.00,3413.55,0.00
1317,20260814,158,20,18,3,57972.29,0.00,173916.87,0.00
1318,20260227,20,5,19,4,18972.21,2845.83,64505.51,0.00
1319,20260904,42,19,22,4,3028.92,454.34,10298.33,0.00
1320,20260331,1,17,22,4,3028.92,0.00,12115.68,0.00
1321,20260505,148,11,11,1,508.89,25.44,483.45,0.00
1322,20261208,94,18,19,5,18972.21,0.00,94861.05,0.00
1323,20260509,134,14,7,5,3413.55,170.68,16214.36,0.00
1324,20260714,148,23,38,1,1104.26,110.43,993.83,0.00
1325,20260302,130,24,36,1,1192.53,59.63,1132.90,0.00
1326,20260404,157,19,36,1,1192.53,0.00,1192.53,0.00
1327,20261026,166,5,4,5,703.29,70.33,3164.80,0.00
1328,20260624,146,12,28,3,3150.34,0.00,9451.02,0.00
1329,20260908,83,15,4,3,703.29,0.00,2109.87,0.00
1330,20260820,164,2,26,3,4860.09,243.00,13851.26,0.00
1331,20260810,171,1,31,2,2187.92,218.79,3938.26,0.00
1332,20261012,122,13,14,5,199.76,0.00,998.80,0.00
1333,20260714,115,10,5,5,2603.90,130.20,12368.52,0.00
1334,20260530,48,22,37,5,157.45,0.00,787.25,0.00
1335,20260528,105,2,7,1,3413.55,341.36,3072.20,0.00
1336,20260321,158,2,12,2,269.11,0.00,538.22,0.00
1337,20260208,197,11,9,4,278.18,0.00,1112.72,0.00
1338,20261120,6,15,22,5,3028.92,151.45,14387.37,0.00
1339,20260807,22,23,30,5,608.05,91.21,2584.21,0.00
1340,20261024,9,20,12,1,269.11,13.46,255.65,0.00
1341,20261019,166,22,30,2,608.05,30.40,1155.29,0.00
1342,20261021,140,11,9,3,278.18,27.82,751.09,0.00
1343,20260716,169,9,17,3,4838.04,241.90,13788.41,0.00
1344,20260924,16,11,15,3,494.31,49.43,1334.64,0.00
1345,20260505,43,11,26,4,4860.09,729.01,16524.31,0.00
1346,20260402,24,10,4,5,703.29,0.00,3516.45,0.00
1347,20260525,114,23,34,4,340.25,34.02,1224.90,0.00
1348,20260806,67,11,14,4,199.76,0.00,799.04,0.00
1349,20260921,134,15,28,1,3150.34,0.00,3150.34,0.00
1350,20260824,33,9,35,4,250.64,0.00,1002.56,0.00
1351,20260423,198,23,2,2,3061.98,306.20,5511.56,0.00
1352,20260908,95,15,6,1,572.05,28.60,543.45,0.00
1353,20260204,123,2,9,5,278.18,13.91,1321.36,0.00
1354,20260307,13,12,39,2,1191.21,0.00,2382.42,0.00
1355,20260628,74,14,20,3,41369.75,2068.49,117903.79,0.00
1356,20260711,184,18,11,4,508.89,76.33,1730.23,0.00
1357,20261031,194,18,35,3,250.64,0.00,751.92,0.00
1358,20260724,92,3,5,1,2603.90,0.00,2603.90,0.00
1359,20260620,48,22,18,3,57972.29,0.00,173916.87,0.00
1360,20261129,60,23,17,3,4838.04,483.80,13062.71,0.00
1361,20260412,71,12,36,5,1192.53,119.25,5366.38,0.00
1362,20260203,118,19,14,5,199.76,9.99,948.86,0.00
1363,20260305,60,19,15,3,494.31,49.43,1334.64,0.00
1364,20260619,48,2,28,5,3150.34,315.03,14176.53,0.00
1365,20260611,30,4,7,1,3413.55,170.68,3242.87,0.00
1366,20260209,106,17,32,2,4212.19,210.61,8003.16,0.00
1367,20260607,200,16,15,1,494.31,49.43,444.88,0.00
1368,20260224,197,13,33,3,529.26,52.93,1429.00,0.00
1369,20260110,7,16,6,5,572.05,0.00,2860.25,0.00
1370,20261216,14,12,10,4,373.96,0.00,1495.84,0.00
1371,20260804,44,1,40,3,633.93,0.00,1901.79,0.00
1372,20260921,180,17,28,4,3150.34,157.52,11971.29,0.00
1373,20260529,21,23,21,3,8200.26,0.00,24600.78,0.00
1374,20261122,184,21,30,5,608.05,60.80,2736.22,0.00
1375,20260203,196,21,28,1,3150.34,157.52,2992.82,0.00
1376,20261207,53,12,34,3,340.25,0.00,1020.75,0.00
1377,20260225,182,20,19,3,18972.21,0.00,56916.63,0.00
1378,20260509,121,19,26,2,4860.09,486.01,8748.16,0.00
1379,20260129,15,3,3,1,1046.07,104.61,941.46,0.00
1380,20261209,91,3,19,5,18972.21,1897.22,85374.94,0.00
1381,20260517,25,4,39,3,1191.21,119.12,3216.27,0.00
1382,20260808,11,19,18,4,57972.29,5797.23,208700.24,0.00
1383,20260717,161,14,14,1,199.76,9.99,189.77,0.00
1384,20260118,194,8,32,5,4212.19,421.22,18954.85,0.00
1385,20260528,27,13,33,2,529.26,26.46,1005.59,0.00
1386,20260705,95,13,21,3,8200.26,0.00,24600.78,0.00
1387,20260209,123,20,3,5,1046.07,52.30,4968.83,0.00
1388,20260810,139,18,31,3,2187.92,0.00,6563.76,0.00
1389,20260419,189,14,24,1,19390.95,1939.10,17451.86,0.00
1390,20261204,112,23,18,4,57972.29,5797.23,208700.24,0.00
1391,20260506,73,5,23,5,16268.02,813.40,77273.10,0.00
1392,20260709,105,14,8,3,1136.39,170.46,2897.79,0.00
1393,20260128,149,7,8,3,1136.39,113.64,3068.25,0.00
1394,20260718,140,9,15,5,494.31,0.00,2471.55,0.00
1395,20260930,27,21,14,1,199.76,9.99,189.77,0.00
1396,20260102,30,19,21,3,8200.26,410.01,23370.74,0.00
1397,20260407,41,9,6,3,572.05,0.00,1716.15,0.00
1398,20261017,4,17,38,1,1104.26,0.00,1104.26,0.00
1399,20260113,139,12,34,3,340.25,17.01,969.71,0.00
1400,20260904,199,21,27,1,4721.70,0.00,4721.70,0.00
1401,20260128,10,1,26,5,4860.09,486.01,21870.40,0.00
1402,20260904,181,16,14,5,199.76,0.00,998.80,0.00
1403,20260512,141,11,34,1,340.25,34.02,306.23,0.00
1404,20260124,42,1,2,5,3061.98,0.00,15309.90,0.00
1405,20260922,70,3,11,1,508.89,0.00,508.89,0.00
1406,20261107,3,3,1,3,1810.89,90.54,5161.04,0.00
1407,20260804,9,18,14,1,199.76,9.99,189.77,0.00
1408,20260612,66,3,16,4,505.66,0.00,2022.64,0.00
1409,20260101,192,10,30,4,608.05,91.21,2067.37,0.00
1410,20261228,139,6,34,5,340.25,34.02,1531.12,0.00
1411,20260321,80,23,20,2,41369.75,0.00,82739.50,0.00
1412,20260331,188,19,40,4,633.93,0.00,2535.72,0.00
1413,20260321,14,2,8,2,1136.39,56.82,2159.14,0.00
1414,20260521,107,9,33,2,529.26,26.46,1005.59,0.00
1415,20260514,34,8,37,3,157.45,7.87,448.73,0.00
1416,20260410,108,13,6,2,572.05,28.60,1086.90,0.00
1417,20260505,79,14,10,2,373.96,18.70,710.52,0.00
1418,20260418,59,23,7,1,3413.55,512.03,2901.52,0.00
1419,20261210,86,21,5,4,2603.90,260.39,9374.04,0.00
1420,20260823,112,7,10,5,373.96,18.70,1776.31,0.00
1421,20261006,85,2,27,2,4721.70,0.00,9443.40,0.00
1422,20260212,84,21,33,4,529.26,79.39,1799.48,0.00
1423,20261127,19,11,27,4,4721.70,0.00,18886.80,0.00
1424,20260217,145,23,20,3,41369.75,4136.98,111698.32,0.00
1425,20261018,198,18,2,1,3061.98,306.20,2755.78,0.00
1426,20260829,170,19,34,5,340.25,0.00,1701.25,0.00
1427,20260110,133,5,34,3,340.25,51.04,867.64,0.00
1428,20260225,21,15,23,5,16268.02,813.40,77273.10,0.00
1429,20260828,8,14,7,4,3413.55,170.68,12971.49,0.00
1430,20260110,173,2,14,5,199.76,19.98,898.92,0.00
1431,20260924,109,22,15,1,494.31,24.72,469.59,0.00
1432,20260629,137,3,24,4,19390.95,969.55,73685.61,0.00
1433,20261026,19,16,7,5,3413.55,512.03,14507.59,0.00
1434,20260715,15,19,28,1,3150.34,157.52,2992.82,0.00
1435,20260526,115,6,13,4,392.05,39.21,1411.38,0.00
1436,20260114,109,18,11,5,508.89,25.44,2417.23,0.00
1437,20261228,127,14,4,5,703.29,0.00,3516.45,0.00
1438,20260130,170,22,34,2,340.25,34.02,612.45,0.00
1439,20261212,186,10,12,5,269.11,13.46,1278.27,0.00
1440,20260913,182,23,4,5,703.29,0.00,3516.45,0.00
1441,20260320,50,16,6,1,572.05,57.20,514.84,0.00
1442,20260926,146,2,34,1,340.25,34.02,306.23,0.00
1443,20261206,187,19,29,4,807.07,0.00,3228.28,0.00
1444,20261117,113,20,5,3,2603.90,0.00,7811.70,0.00
1445,20260618,83,4,22,3,3028.92,0.00,9086.76,0.00
1446,20260729,127,4,1,5,1810.89,0.00,9054.45,0.00
1447,20260806,40,9,21,1,8200.26,0.00,8200.26,0.00
1448,20260315,167,3,31,3,2187.92,109.40,6235.57,0.00
1449,20260109,93,22,21,3,8200.26,410.01,23370.74,0.00
1450,20261129,75,17,11,3,508.89,25.44,1450.34,0.00
1451,20260606,166,11,16,5,505.66,0.00,2528.30,0.00
1452,20261130,118,8,17,5,4838.04,0.00,24190.20,0.00
1453,20260424,59,8,20,1,41369.75,0.00,41369.75,0.00
1454,20261221,99,14,21,3,8200.26,0.00,24600.78,0.00
1455,20260115,61,10,38,5,1104.26,110.43,4969.17,0.00
1456,20260520,131,9,8,2,1136.39,56.82,2159.14,0.00
1457,20260117,55,17,27,1,4721.70,472.17,4249.53,0.00
1458,20261003,38,9,28,2,3150.34,0.00,6300.68,0.00
1459,20261026,94,21,37,3,157.45,23.62,401.50,0.00
1460,20260715,9,3,35,3,250.64,37.60,639.13,0.00
1461,20260617,106,5,18,2,57972.29,0.00,115944.58,0.00
1462,20260911,46,14,17,4,4838.04,483.80,17416.94,0.00
1463,20260105,123,21,40,5,633.93,31.70,3011.17,0.00
1464,20260117,128,18,8,5,1136.39,56.82,5397.85,0.00
1465,20260505,61,12,20,1,41369.75,4136.98,37232.78,0.00
1466,20260305,166,16,3,3,1046.07,0.00,3138.21,0.00
1467,20260922,39,1,37,5,157.45,15.74,708.52,0.00
1468,20260504,12,23,27,1,4721.70,0.00,4721.70,0.00
1469,20260615,68,16,29,4,807.07,0.00,3228.28,0.00
1470,20260929,175,9,5,1,2603.90,130.20,2473.70,0.00
1471,20260607,145,24,26,5,4860.09,486.01,21870.40,0.00
1472,20260106,178,21,26,1,4860.09,243.00,4617.09,0.00
1473,20260711,192,8,6,5,572.05,57.20,2574.22,0.00
1474,20260910,63,19,31,4,2187.92,218.79,7876.51,0.00
1475,20260815,9,1,9,1,278.18,0.00,278.18,0.00
1476,20260113,37,11,31,1,2187.92,109.40,2078.52,0.00
1477,20260301,113,14,10,2,373.96,0.00,747.92,0.00
1478,20260705,146,2,39,1,1191.21,0.00,1191.21,0.00
1479,20260513,162,18,16,1,505.66,25.28,480.38,0.00
1480,20260315,115,6,39,3,1191.21,0.00,3573.63,0.00
1481,20260126,63,20,32,1,4212.19,0.00,4212.19,0.00
1482,20261003,187,9,14,5,199.76,19.98,898.92,0.00
1483,20260222,19,18,2,4,3061.98,153.10,11635.52,0.00
1484,20260827,114,13,16,3,505.66,50.57,1365.28,0.00
1485,20260623,40,11,2,3,3061.98,306.20,8267.35,0.00
1486,20261216,6,21,33,1,529.26,52.93,476.33,0.00
1487,20261227,36,18,31,3,2187.92,0.00,6563.76,0.00
1488,20260712,85,21,25,1,2914.87,437.23,2477.64,0.00
1489,20260113,184,10,31,3,2187.92,218.79,5907.38,0.00
1490,20260328,71,11,31,3,2187.92,109.40,6235.57,0.00
1491,20260501,189,19,32,4,4212.19,421.22,15163.88,0.00
1492,20260903,75,7,32,5,4212.19,210.61,20007.90,0.00
1493,20260806,69,7,35,1,250.64,0.00,250.64,0.00
1494,20260922,133,8,15,1,494.31,49.43,444.88,0.00
1495,20260314,26,24,30,3,608.05,30.40,1732.94,0.00
1496,20260404,141,6,4,2,703.29,70.33,1265.92,0.00
1497,20260414,143,24,9,2,278.18,13.91,528.54,0.00
1498,20261102,32,3,17,1,4838.04,0.00,4838.04,0.00
1499,20261206,10,20,8,3,1136.39,113.64,3068.25,0.00
1500,20260617,1,21,11,4,508.89,0.00,2035.56,0.00
1501,20260310,43,16,34,4,340.25,34.02,1224.90,0.00
1502,20260514,189,15,12,2,269.11,0.00,538.22,0.00
1503,20260605,56,10,11,2,508.89,50.89,916.00,0.00
1504,20260107,42,8,13,2,392.05,39.21,705.69,0.00
1505,20260828,182,8,38,5,1104.26,110.43,4969.17,0.00
1506,20260611,19,21,39,2,1191.21,0.00,2382.42,0.00
1507,20260428,13,18,2,1,3061.98,153.10,2908.88,0.00
1508,20260805,176,8,13,3,392.05,19.60,1117.34,0.00
1509,20260720,144,20,8,5,1136.39,0.00,5681.95,0.00
1510,20261223,75,12,31,1,2187.92,0.00,2187.92,0.00
1511,20261209,75,6,13,4,392.05,19.60,1489.79,0.00
1512,20260725,79,3,21,2,8200.26,820.03,14760.47,0.00
1513,20260912,36,18,7,2,3413.55,170.68,6485.75,0.00
1514,20261005,109,16,22,3,3028.92,151.45,8632.42,0.00
1515,20260414,136,19,7,1,3413.55,170.68,3242.87,0.00
1516,20260716,7,19,33,1,529.26,52.93,476.33,0.00
1517,20260501,85,10,21,1,8200.26,0.00,8200.26,0.00
1518,20260923,165,24,28,5,3150.34,472.55,13388.94,0.00
1519,20260526,24,1,1,4,1810.89,0.00,7243.56,0.00
1520,20260123,164,3,5,2,2603.90,130.20,4947.41,0.00
1521,20260601,100,10,28,4,3150.34,315.03,11341.22,0.00
1522,20260206,105,17,31,2,2187.92,328.19,3719.46,0.00
1523,20260116,159,3,3,3,1046.07,0.00,3138.21,0.00
1524,20260215,73,10,33,5,529.26,26.46,2513.98,0.00
1525,20260518,116,7,24,5,19390.95,1939.10,87259.28,0.00
1526,20261030,14,19,10,4,373.96,37.40,1346.26,0.00
1527,20261029,112,19,39,2,1191.21,178.68,2025.06,0.00
1528,20260708,17,23,12,4,269.11,0.00,1076.44,0.00
1529,20261021,168,15,20,5,41369.75,2068.49,196506.31,0.00
1530,20260410,116,1,38,4,1104.26,165.64,3754.48,0.00
1531,20260419,133,9,21,4,8200.26,820.03,29520.94,0.00
1532,20261112,9,4,30,3,608.05,0.00,1824.15,0.00
1533,20260614,200,3,3,5,1046.07,0.00,5230.35,0.00
1534,20261226,200,1,11,4,508.89,0.00,2035.56,0.00
1535,20260503,100,23,38,3,1104.26,55.21,3147.14,0.00
1536,20260722,46,4,9,2,278.18,0.00,556.36,0.00
1537,20260313,151,20,12,3,269.11,0.00,807.33,0.00
1538,20260418,96,16,28,4,3150.34,315.03,11341.22,0.00
1539,20260303,26,14,2,5,3061.98,306.20,13778.91,0.00
1540,20260515,95,18,33,4,529.26,52.93,1905.34,0.00
1541,20260703,33,4,27,1,4721.70,0.00,4721.70,0.00
1542,20260621,96,15,37,1,157.45,0.00,157.45,0.00
1543,20260616,127,19,7,4,3413.55,170.68,12971.49,0.00
1544,20260313,129,22,7,2,3413.55,170.68,6485.75,0.00
1545,20260529,57,6,8,2,1136.39,56.82,2159.14,0.00
1546,20261212,111,2,32,2,4212.19,210.61,8003.16,0.00
1547,20261204,137,12,18,2,57972.29,5797.23,104350.12,0.00
1548,20261210,77,18,31,5,2187.92,218.79,9845.64,0.00
1549,20261012,103,3,14,5,199.76,29.96,848.98,0.00
1550,20260514,174,17,39,4,1191.21,59.56,4526.60,0.00
1551,20260110,113,23,22,3,3028.92,151.45,8632.42,0.00
1552,20260222,75,15,38,1,1104.26,0.00,1104.26,0.00
1553,20261030,190,3,38,3,1104.26,55.21,3147.14,0.00
1554,20261216,2,7,33,3,529.26,26.46,1508.39,0.00
1555,20261214,71,8,12,2,269.11,40.37,457.49,0.00
1556,20260819,80,15,3,2,1046.07,104.61,1882.93,0.00
1557,20260619,62,20,38,1,1104.26,55.21,1049.05,0.00
1558,20260523,100,12,28,1,3150.34,315.03,2835.31,0.00
1559,20261224,53,5,32,1,4212.19,421.22,3790.97,0.00
1560,20261218,188,16,5,3,2603.90,0.00,7811.70,0.00
1561,20261122,22,24,7,5,3413.55,170.68,16214.36,0.00
1562,20260401,30,10,21,1,8200.26,820.03,7380.23,0.00
1563,20260630,196,4,17,5,4838.04,483.80,21771.18,0.00
1564,20261116,187,9,2,1,3061.98,0.00,3061.98,0.00
1565,20260102,18,6,25,1,2914.87,145.74,2769.13,0.00
1566,20260205,97,22,2,2,3061.98,459.30,5205.37,0.00
1567,20261205,29,5,40,3,633.93,95.09,1616.52,0.00
1568,20260827,155,19,13,1,392.05,0.00,392.05,0.00
1569,20261218,32,5,19,3,18972.21,0.00,56916.63,0.00
1570,20260517,173,10,21,2,8200.26,0.00,16400.52,0.00
1571,20260502,84,1,10,1,373.96,0.00,373.96,0.00
1572,20260101,62,20,31,2,2187.92,218.79,3938.26,0.00
1573,20261209,71,5,26,1,4860.09,243.00,4617.09,0.00
1574,20261212,22,14,2,3,3061.98,306.20,8267.35,0.00
1575,20260413,111,5,20,2,41369.75,2068.49,78602.52,0.00
1576,20260424,143,7,16,3,505.66,25.28,1441.13,0.00
1577,20260624,121,14,14,4,199.76,0.00,799.04,0.00
1578,20260517,159,8,7,4,3413.55,0.00,13654.20,0.00
1579,20260120,111,23,1,2,1810.89,271.63,3078.51,0.00
1580,20260308,57,22,8,4,1136.39,56.82,4318.28,0.00
1581,20261114,102,21,22,3,3028.92,302.89,8178.08,0.00
1582,20260624,91,1,29,2,807.07,0.00,1614.14,0.00
1583,20261108,56,23,3,5,1046.07,52.30,4968.83,0.00
1584,20260103,136,23,29,5,807.07,40.35,3833.58,0.00
1585,20260417,18,23,12,1,269.11,26.91,242.20,0.00
1586,20261127,29,10,27,1,4721.70,0.00,4721.70,0.00
1587,20260706,86,4,14,2,199.76,0.00,399.52,0.00
1588,20260207,104,14,38,4,1104.26,0.00,4417.04,0.00
1589,20260817,26,10,30,2,608.05,91.21,1033.68,0.00
1590,20261110,166,19,1,3,1810.89,0.00,5432.67,0.00
1591,20260629,94,18,6,1,572.05,0.00,572.05,0.00
1592,20260526,154,5,20,1,41369.75,0.00,41369.75,0.00
1593,20260105,10,8,11,3,508.89,0.00,1526.67,0.00
1594,20260928,26,6,9,5,278.18,41.73,1182.27,0.00
1595,20260327,188,8,30,1,608.05,0.00,608.05,0.00
1596,20260916,46,18,2,1,3061.98,0.00,3061.98,0.00
1597,20261028,55,22,11,5,508.89,0.00,2544.45,0.00
1598,20260804,125,15,2,1,3061.98,153.10,2908.88,0.00
1599,20260405,94,12,2,3,3061.98,0.00,9185.94,0.00
1600,20261103,71,1,10,4,373.96,56.09,1271.46,0.00
1601,20260908,173,12,9,1,278.18,13.91,264.27,0.00
1602,20261208,106,4,19,1,18972.21,948.61,18023.60,0.00
1603,20260122,188,15,28,1,3150.34,0.00,3150.34,0.00
1604,20260701,70,24,26,2,4860.09,486.01,8748.16,0.00
1605,20260102,89,20,37,5,157.45,7.87,747.89,0.00
1606,20260519,174,1,22,4,3028.92,302.89,10904.11,0.00
1607,20260615,70,13,12,2,269.11,0.00,538.22,0.00
1608,20260623,122,6,20,4,41369.75,0.00,165479.00,0.00
1609,20260816,162,10,22,3,3028.92,0.00,9086.76,0.00
1610,20260217,196,5,30,4,608.05,60.80,2188.98,0.00
1611,20260717,128,22,11,4,508.89,76.33,1730.23,0.00
1612,20261228,60,17,17,1,4838.04,0.00,4838.04,0.00
1613,20260815,199,7,31,2,2187.92,109.40,4157.05,0.00
1614,20260305,180,22,31,4,2187.92,218.79,7876.51,0.00
1615,20260612,11,15,2,2,3061.98,153.10,5817.76,0.00
1616,20261202,33,3,5,4,2603.90,0.00,10415.60,0.00
1617,20261004,103,2,26,4,4860.09,486.01,17496.32,0.00
1618,20260623,54,7,11,1,508.89,50.89,458.00,0.00
1619,20260807,26,22,35,5,250.64,37.60,1065.22,0.00
1620,20260228,12,12,21,1,8200.26,820.03,7380.23,0.00
1621,20261231,4,17,33,3,529.26,52.93,1429.00,0.00
1622,20260315,10,9,1,3,1810.89,271.63,4617.77,0.00
1623,20260916,33,8,22,2,3028.92,302.89,5452.06,0.00
1624,20261002,192,9,29,3,807.07,40.35,2300.15,0.00
1625,20261006,195,4,20,2,41369.75,2068.49,78602.52,0.00
1626,20260711,157,10,23,3,16268.02,1626.80,43923.65,0.00
1627,20260516,60,8,12,4,269.11,13.46,1022.62,0.00
1628,20260119,8,10,12,1,269.11,13.46,255.65,0.00
1629,20260423,162,13,7,3,3413.55,512.03,8704.55,0.00
1630,20261216,124,2,19,3,18972.21,2845.83,48379.14,0.00
1631,20260909,48,22,5,4,2603.90,0.00,10415.60,0.00
1632,20261121,94,21,34,2,340.25,51.04,578.42,0.00
1633,20260327,158,6,27,1,4721.70,0.00,4721.70,0.00
1634,20260605,94,20,6,3,572.05,28.60,1630.34,0.00
1635,20260412,31,13,40,1,633.93,0.00,633.93,0.00
1636,20260705,146,18,25,4,2914.87,145.74,11076.51,0.00
1637,20260520,16,14,22,4,3028.92,302.89,10904.11,0.00
1638,20260612,77,3,27,5,4721.70,236.08,22428.08,0.00
1639,20260501,109,17,32,2,4212.19,210.61,8003.16,0.00
1640,20260717,128,10,29,2,807.07,0.00,1614.14,0.00
1641,20260518,30,18,7,3,3413.55,341.36,9216.59,0.00
1642,20260327,183,14,15,1,494.31,24.72,469.59,0.00
1643,20260814,173,18,40,2,633.93,31.70,1204.47,0.00
1644,20260419,151,14,2,2,3061.98,306.20,5511.56,0.00
1645,20261214,38,12,9,5,278.18,27.82,1251.81,0.00
1646,20260712,150,7,29,2,807.07,0.00,1614.14,0.00
1647,20261006,154,1,18,1,57972.29,0.00,57972.29,0.00
1648,20260620,143,7,24,1,19390.95,0.00,19390.95,0.00
1649,20261117,31,17,17,4,4838.04,483.80,17416.94,0.00
1650,20260708,200,1,21,4,8200.26,0.00,32801.04,0.00
1651,20260811,105,3,13,5,392.05,19.60,1862.24,0.00
1652,20260808,191,13,28,2,3150.34,315.03,5670.61,0.00
1653,20261205,194,13,35,4,250.64,37.60,852.18,0.00
1654,20261127,73,21,30,3,608.05,30.40,1732.94,0.00
1655,20261130,183,6,22,1,3028.92,0.00,3028.92,0.00
1656,20260905,127,10,5,1,2603.90,260.39,2343.51,0.00
1657,20260409,48,1,4,1,703.29,35.16,668.13,0.00
1658,20260217,166,18,11,3,508.89,76.33,1297.67,0.00
1659,20261017,39,19,22,1,3028.92,151.45,2877.47,0.00
1660,20260528,160,20,33,3,529.26,0.00,1587.78,0.00
1661,20261012,149,18,28,5,3150.34,0.00,15751.70,0.00
1662,20261031,9,12,7,4,3413.55,0.00,13654.20,0.00
1663,20260405,186,15,10,1,373.96,0.00,373.96,0.00
1664,20260508,197,9,5,4,2603.90,0.00,10415.60,0.00
1665,20260604,78,23,13,1,392.05,19.60,372.45,0.00
1666,20260526,31,7,32,5,4212.19,421.22,18954.85,0.00
1667,20261227,98,13,11,4,508.89,50.89,1832.00,0.00
1668,20260529,150,15,11,4,508.89,50.89,1832.00,0.00
1669,20261216,59,4,7,3,3413.55,0.00,10240.65,0.00
1670,20260316,94,21,4,5,703.29,35.16,3340.63,0.00
1671,20260528,6,8,29,2,807.07,0.00,1614.14,0.00
1672,20260208,135,15,5,5,2603.90,130.20,12368.52,0.00
1673,20260309,95,4,9,1,278.18,27.82,250.36,0.00
1674,20261208,12,12,39,2,1191.21,119.12,2144.18,0.00
1675,20260504,48,8,23,2,16268.02,813.40,30909.24,0.00
1676,20260325,46,16,12,4,269.11,26.91,968.80,0.00
1677,20260922,184,19,28,5,3150.34,0.00,15751.70,0.00
1678,20260625,55,24,37,1,157.45,7.87,149.58,0.00
1679,20260315,131,4,19,1,18972.21,948.61,18023.60,0.00
1680,20261017,115,3,18,2,57972.29,0.00,115944.58,0.00
1681,20260401,126,5,7,2,3413.55,0.00,6827.10,0.00
1682,20260714,169,2,21,4,8200.26,820.03,29520.94,0.00
1683,20260718,10,7,37,3,157.45,23.62,401.50,0.00
1684,20261009,47,24,16,1,505.66,50.57,455.09,0.00
1685,20260624,169,10,22,5,3028.92,302.89,13630.14,0.00
1686,20260208,125,23,16,4,505.66,50.57,1820.38,0.00
1687,20260302,135,19,22,2,3028.92,302.89,5452.06,0.00
1688,20260305,22,5,27,2,4721.70,0.00,9443.40,0.00
1689,20260926,188,15,31,2,2187.92,109.40,4157.05,0.00
1690,20261231,136,19,21,3,8200.26,0.00,24600.78,0.00
1691,20261103,51,17,8,1,1136.39,56.82,1079.57,0.00
1692,20261008,81,2,9,1,278.18,13.91,264.27,0.00
1693,20260408,166,1,16,2,505.66,0.00,1011.32,0.00
1694,20260919,88,16,19,2,18972.21,1897.22,34149.98,0.00
1695,20260111,93,9,11,5,508.89,0.00,2544.45,0.00
1696,20260625,136,15,19,3,18972.21,2845.83,48379.14,0.00
1697,20260313,47,3,27,4,4721.70,236.08,17942.46,0.00
1698,20261207,127,7,24,5,19390.95,0.00,96954.75,0.00
1699,20261107,81,7,39,5,1191.21,119.12,5360.44,0.00
1700,20260619,134,17,5,2,2603.90,0.00,5207.80,0.00
1701,20261204,180,4,9,3,278.18,0.00,834.54,0.00
1702,20260626,166,20,2,3,3061.98,306.20,8267.35,0.00
1703,20260913,38,1,21,5,8200.26,1230.04,34851.11,0.00
1704,20261214,12,23,15,1,494.31,0.00,494.31,0.00
1705,20260814,4,17,2,1,3061.98,153.10,2908.88,0.00
1706,20260624,103,7,15,4,494.31,24.72,1878.38,0.00
1707,20260124,99,17,23,1,16268.02,0.00,16268.02,0.00
1708,20260302,184,15,24,1,19390.95,1939.10,17451.86,0.00
1709,20260525,7,13,29,1,807.07,121.06,686.01,0.00
1710,20260112,40,3,9,2,278.18,13.91,528.54,0.00
1711,20260622,186,21,14,2,199.76,0.00,399.52,0.00
1712,20260528,35,16,3,3,1046.07,0.00,3138.21,0.00
1713,20260311,18,22,19,3,18972.21,948.61,54070.80,0.00
1714,20260821,194,10,14,3,199.76,19.98,539.35,0.00
1715,20260111,115,18,29,2,807.07,0.00,1614.14,0.00
1716,20260512,18,3,29,3,807.07,0.00,2421.21,0.00
1717,20261204,59,5,22,5,3028.92,151.45,14387.37,0.00
1718,20261227,160,13,17,2,4838.04,0.00,9676.08,0.00
1719,20260726,163,18,39,4,1191.21,178.68,4050.11,0.00
1720,20260330,154,5,33,5,529.26,79.39,2249.36,0.00
1721,20261106,148,16,8,2,1136.39,113.64,2045.50,0.00
1722,20260422,50,24,28,3,3150.34,0.00,9451.02,0.00
1723,20260816,20,2,11,2,508.89,25.44,966.89,0.00
1724,20260529,57,6,28,5,3150.34,157.52,14964.12,0.00
1725,20261007,66,3,36,1,1192.53,59.63,1132.90,0.00
1726,20260527,151,6,22,4,3028.92,0.00,12115.68,0.00
1727,20260129,140,14,4,1,703.29,0.00,703.29,0.00
1728,20260911,161,9,21,3,8200.26,410.01,23370.74,0.00
1729,20260601,151,1,14,5,199.76,19.98,898.92,0.00
1730,20260406,111,17,2,5,3061.98,0.00,15309.90,0.00
1731,20261125,112,18,29,5,807.07,80.71,3631.82,0.00
1732,20260418,86,3,32,5,4212.19,0.00,21060.95,0.00
1733,20261023,57,22,2,2,3061.98,153.10,5817.76,0.00
1734,20260227,7,20,37,1,157.45,7.87,149.58,0.00
1735,20261011,178,1,14,2,199.76,9.99,379.54,0.00
1736,20260814,53,2,39,1,1191.21,0.00,1191.21,0.00
1737,20261201,191,4,7,3,3413.55,512.03,8704.55,0.00
1738,20261125,130,24,29,1,807.07,40.35,766.72,0.00
1739,20260226,11,11,8,3,1136.39,113.64,3068.25,0.00
1740,20260715,64,16,30,4,608.05,60.80,2188.98,0.00
1741,20260731,18,3,31,1,2187.92,218.79,1969.13,0.00
1742,20260207,12,3,26,2,4860.09,486.01,8748.16,0.00
1743,20260222,20,5,23,2,16268.02,1626.80,29282.44,0.00
1744,20260318,172,18,16,1,505.66,75.85,429.81,0.00
1745,20260218,8,10,13,2,392.05,0.00,784.10,0.00
1746,20260530,90,17,36,5,1192.53,0.00,5962.65,0.00
1747,20260719,33,7,28,2,3150.34,157.52,5985.65,0.00
1748,20260923,182,24,36,4,1192.53,0.00,4770.12,0.00
1749,20260904,142,6,14,5,199.76,9.99,948.86,0.00
1750,20260525,25,22,9,4,278.18,27.82,1001.45,0.00
1751,20260726,74,21,30,1,608.05,60.80,547.24,0.00
1752,20260716,151,9,33,2,529.26,26.46,1005.59,0.00
1753,20261209,49,8,9,2,278.18,41.73,472.91,0.00
1754,20260624,58,15,32,1,4212.19,631.83,3580.36,0.00
1755,20260716,167,4,23,1,16268.02,0.00,16268.02,0.00
1756,20260626,18,23,18,4,57972.29,0.00,231889.16,0.00
1757,20260422,152,18,16,1,505.66,0.00,505.66,0.00
1758,20260521,148,23,31,2,2187.92,109.40,4157.05,0.00
1759,20260405,85,9,5,2,2603.90,390.58,4426.63,0.00
1760,20260701,187,16,32,3,4212.19,0.00,12636.57,0.00
1761,20260217,161,17,5,2,2603.90,130.20,4947.41,0.00
1762,20260822,101,22,38,3,1104.26,0.00,3312.78,0.00
1763,20260304,187,3,40,1,633.93,0.00,633.93,0.00
1764,20260405,80,14,23,4,16268.02,813.40,61818.48,0.00
1765,20260826,58,17,40,5,633.93,0.00,3169.65,0.00
1766,20260909,4,14,34,2,340.25,51.04,578.42,0.00
1767,20260306,124,1,33,5,529.26,0.00,2646.30,0.00
1768,20260126,71,18,5,5,2603.90,260.39,11717.55,0.00
1769,20261229,129,7,17,5,4838.04,483.80,21771.18,0.00
1770,20260514,88,3,24,5,19390.95,0.00,96954.75,0.00
1771,20260528,141,11,14,1,199.76,0.00,199.76,0.00
1772,20260424,151,14,14,5,199.76,19.98,898.92,0.00
1773,20260527,122,17,36,3,1192.53,178.88,3040.95,0.00
1774,20261227,3,10,23,2,16268.02,813.40,30909.24,0.00
1775,20261108,194,10,3,2,1046.07,156.91,1778.32,0.00
1776,20260112,90,7,40,3,633.93,0.00,1901.79,0.00
1777,20260502,38,14,27,5,4721.70,236.08,22428.08,0.00
1778,20260808,7,16,9,3,278.18,0.00,834.54,0.00
1779,20260308,167,16,34,4,340.25,17.01,1292.95,0.00
1780,20260523,110,6,38,2,1104.26,0.00,2208.52,0.00
1781,20260609,179,10,24,1,19390.95,0.00,19390.95,0.00
1782,20260403,124,17,21,5,8200.26,410.01,38951.24,0.00
1783,20260609,156,15,36,4,1192.53,0.00,4770.12,0.00
1784,20261104,4,24,35,5,250.64,12.53,1190.54,0.00
1785,20260902,2,15,30,2,608.05,30.40,1155.29,0.00
1786,20260224,142,2,17,4,4838.04,483.80,17416.94,0.00
1787,20260319,94,5,3,4,1046.07,104.61,3765.85,0.00
1788,20260617,152,1,22,1,3028.92,0.00,3028.92,0.00
1789,20260516,115,3,24,5,19390.95,2908.64,82411.54,0.00
1790,20261117,156,9,2,3,3061.98,306.20,8267.35,0.00
1791,20260202,51,21,3,3,1046.07,156.91,2667.48,0.00
1792,20261106,10,22,25,3,2914.87,291.49,7870.15,0.00
1793,20260902,97,18,4,1,703.29,70.33,632.96,0.00
1794,20260112,164,1,35,2,250.64,12.53,476.22,0.00
1795,20261109,19,2,33,3,529.26,0.00,1587.78,0.00
1796,20260502,85,22,29,4,807.07,80.71,2905.45,0.00
1797,20260204,54,1,37,3,157.45,0.00,472.35,0.00
1798,20261020,49,8,33,4,529.26,52.93,1905.34,0.00
1799,20260307,135,17,36,4,1192.53,59.63,4531.61,0.00
1800,20260501,153,17,14,4,199.76,19.98,719.14,0.00
1801,20261122,127,8,13,3,392.05,0.00,1176.15,0.00
1802,20261103,147,19,30,4,608.05,30.40,2310.59,0.00
1803,20260402,70,3,35,1,250.64,25.06,225.58,0.00
1804,20260807,49,5,8,3,1136.39,56.82,3238.71,0.00
1805,20260220,108,4,11,1,508.89,25.44,483.45,0.00
1806,20260715,129,16,39,3,1191.21,0.00,3573.63,0.00
1807,20260914,2,11,5,1,2603.90,390.58,2213.32,0.00
1808,20260921,89,23,27,2,4721.70,236.08,8971.23,0.00
1809,20260831,75,2,39,5,1191.21,59.56,5658.25,0.00
1810,20260208,28,14,31,1,2187.92,0.00,2187.92,0.00
1811,20260514,144,11,2,1,3061.98,306.20,2755.78,0.00
1812,20260912,113,14,8,1,1136.39,0.00,1136.39,0.00
1813,20260406,33,22,34,5,340.25,0.00,1701.25,0.00
1814,20260706,123,10,1,3,1810.89,90.54,5161.04,0.00
1815,20260806,99,14,13,1,392.05,19.60,372.45,0.00
1816,20260115,195,24,28,3,3150.34,157.52,8978.47,0.00
1817,20261222,194,8,17,1,4838.04,0.00,4838.04,0.00
1818,20260519,197,12,32,2,4212.19,0.00,8424.38,0.00
1819,20260414,171,1,22,1,3028.92,151.45,2877.47,0.00
1820,20260702,83,7,20,3,41369.75,6205.46,105492.86,0.00
1821,20260112,175,8,28,4,3150.34,157.52,11971.29,0.00
1822,20260603,76,20,33,3,529.26,26.46,1508.39,0.00
1823,20260421,136,10,30,2,608.05,91.21,1033.68,0.00
1824,20260527,30,20,26,1,4860.09,486.01,4374.08,0.00
1825,20260602,148,1,15,5,494.31,24.72,2347.97,0.00
1826,20260131,154,9,25,3,2914.87,437.23,7432.92,0.00
1827,20260107,134,12,22,2,3028.92,151.45,5754.95,0.00
1828,20261115,137,8,33,5,529.26,0.00,2646.30,0.00
1829,20260505,55,6,16,4,505.66,25.28,1921.51,0.00
1830,20260901,190,19,23,3,16268.02,1626.80,43923.65,0.00
1831,20260703,22,2,39,4,1191.21,59.56,4526.60,0.00
1832,20260206,155,22,7,4,3413.55,341.36,12288.78,0.00
1833,20261124,62,13,22,3,3028.92,151.45,8632.42,0.00
1834,20260620,147,10,24,4,19390.95,1939.10,69807.42,0.00
1835,20260228,42,16,18,4,57972.29,0.00,231889.16,0.00
1836,20260320,100,7,38,5,1104.26,110.43,4969.17,0.00
1837,20261009,187,15,15,3,494.31,0.00,1482.93,0.00
1838,20260728,82,16,23,4,16268.02,813.40,61818.48,0.00
1839,20260724,96,19,39,5,1191.21,0.00,5956.05,0.00
1840,20260207,186,20,10,1,373.96,0.00,373.96,0.00
1841,20260919,185,16,28,3,3150.34,315.03,8505.92,0.00
1842,20260610,48,12,30,5,608.05,91.21,2584.21,0.00
1843,20260726,127,24,4,3,703.29,70.33,1898.88,0.00
1844,20260417,157,3,23,4,16268.02,0.00,65072.08,0.00
1845,20260920,181,11,8,1,1136.39,0.00,1136.39,0.00
1846,20260510,114,1,25,4,2914.87,0.00,11659.48,0.00
1847,20260128,24,24,13,5,392.05,0.00,1960.25,0.00
1848,20260921,163,9,25,2,2914.87,437.23,4955.28,0.00
1849,20261125,48,12,26,2,4860.09,486.01,8748.16,0.00
1850,20261214,84,7,40,5,633.93,0.00,3169.65,0.00
1851,20260228,49,15,37,3,157.45,15.74,425.11,0.00
1852,20260608,130,17,40,2,633.93,31.70,1204.47,0.00
1853,20260406,166,7,5,5,2603.90,260.39,11717.55,0.00
1854,20260422,121,5,22,4,3028.92,454.34,10298.33,0.00
1855,20261202,40,22,8,4,1136.39,113.64,4091.00,0.00
1856,20261015,165,1,21,4,8200.26,410.01,31160.99,0.00
1857,20260110,52,11,13,4,392.05,58.81,1332.97,0.00
1858,20260119,179,10,18,4,57972.29,5797.23,208700.24,0.00
1859,20260309,188,15,7,1,3413.55,341.36,3072.20,0.00
1860,20260805,184,11,16,1,505.66,75.85,429.81,0.00
1861,20260826,191,20,6,4,572.05,57.20,2059.38,0.00
1862,20261119,175,24,13,1,392.05,0.00,392.05,0.00
1863,20260307,67,14,7,5,3413.55,0.00,17067.75,0.00
1864,20260724,178,21,24,3,19390.95,1939.10,52355.56,0.00
1865,20261123,15,5,24,2,19390.95,1939.10,34903.71,0.00
1866,20260814,130,21,39,3,1191.21,0.00,3573.63,0.00
1867,20260624,196,4,1,3,1810.89,90.54,5161.04,0.00
1868,20260817,115,21,37,1,157.45,15.74,141.70,0.00
1869,20260315,87,1,5,1,2603.90,390.58,2213.32,0.00
1870,20260423,34,21,35,2,250.64,12.53,476.22,0.00
1871,20260322,194,15,23,5,16268.02,813.40,77273.10,0.00
1872,20261020,9,11,4,3,703.29,0.00,2109.87,0.00
1873,20260611,24,23,6,3,572.05,57.20,1544.54,0.00
1874,20260321,115,12,25,4,2914.87,0.00,11659.48,0.00
1875,20261025,197,5,33,4,529.26,52.93,1905.34,0.00
1876,20260624,105,8,27,4,4721.70,0.00,18886.80,0.00
1877,20260612,168,10,11,5,508.89,0.00,2544.45,0.00
1878,20261129,163,20,2,1,3061.98,306.20,2755.78,0.00
1879,20261228,5,3,39,5,1191.21,0.00,5956.05,0.00
1880,20260604,68,14,16,1,505.66,0.00,505.66,0.00
1881,20260526,28,11,38,1,1104.26,0.00,1104.26,0.00
1882,20261101,97,6,11,4,508.89,76.33,1730.23,0.00
1883,20260626,197,1,9,2,278.18,0.00,556.36,0.00
1884,20261029,32,21,14,2,199.76,9.99,379.54,0.00
1885,20260111,133,13,29,5,807.07,0.00,4035.35,0.00
1886,20260708,116,15,16,5,505.66,50.57,2275.47,0.00
1887,20260703,180,13,6,1,572.05,28.60,543.45,0.00
1888,20261012,103,18,20,3,41369.75,2068.49,117903.79,0.00
1889,20260219,9,13,19,1,18972.21,0.00,18972.21,0.00
1890,20260407,75,14,35,3,250.64,0.00,751.92,0.00
1891,20261211,189,20,24,2,19390.95,969.55,36842.80,0.00
1892,20260312,188,11,24,5,19390.95,2908.64,82411.54,0.00
1893,20260605,168,10,34,3,340.25,0.00,1020.75,0.00
1894,20260223,5,19,12,5,269.11,26.91,1211.00,0.00
1895,20260719,116,20,15,5,494.31,0.00,2471.55,0.00
1896,20260109,1,16,26,2,4860.09,0.00,9720.18,0.00
1897,20260325,17,10,13,1,392.05,0.00,392.05,0.00
1898,20260414,166,12,24,3,19390.95,1939.10,52355.56,0.00
1899,20260403,30,22,2,4,3061.98,153.10,11635.52,0.00
1900,20260628,48,19,35,3,250.64,0.00,751.92,0.00
1901,20260312,128,5,6,1,572.05,28.60,543.45,0.00
1902,20260124,14,13,12,4,269.11,0.00,1076.44,0.00
1903,20260119,110,16,11,4,508.89,0.00,2035.56,0.00
1904,20260626,9,11,19,4,18972.21,948.61,72094.40,0.00
1905,20260307,139,22,34,2,340.25,34.02,612.45,0.00
1906,20260716,90,12,1,4,1810.89,0.00,7243.56,0.00
1907,20260306,119,13,17,4,4838.04,241.90,18384.55,0.00
1908,20261204,141,6,20,3,41369.75,2068.49,117903.79,0.00
1909,20260206,139,10,21,4,8200.26,0.00,32801.04,0.00
1910,20261122,89,1,11,4,508.89,0.00,2035.56,0.00
1911,20260404,107,8,11,3,508.89,50.89,1374.00,0.00
1912,20260109,105,11,20,4,41369.75,4136.98,148931.10,0.00
1913,20260428,121,1,26,5,4860.09,0.00,24300.45,0.00
1914,20261129,18,5,29,2,807.07,40.35,1533.43,0.00
1915,20260826,45,8,7,5,3413.55,170.68,16214.36,0.00
1916,20260426,22,13,7,1,3413.55,0.00,3413.55,0.00
1917,20260220,24,4,7,5,3413.55,341.36,15360.98,0.00
1918,20260818,150,21,22,1,3028.92,454.34,2574.58,0.00
1919,20260522,159,2,1,5,1810.89,90.54,8601.73,0.00
1920,20260907,101,9,8,2,1136.39,0.00,2272.78,0.00
1921,20260225,138,14,37,2,157.45,7.87,299.15,0.00
1922,20260710,158,16,29,5,807.07,80.71,3631.82,0.00
1923,20260124,131,24,8,1,1136.39,113.64,1022.75,0.00
1924,20260314,83,19,12,5,269.11,40.37,1143.72,0.00
1925,20260827,99,8,21,1,8200.26,820.03,7380.23,0.00
1926,20260711,149,7,31,5,2187.92,218.79,9845.64,0.00
1927,20261105,157,10,25,4,2914.87,291.49,10493.53,0.00
1928,20261214,103,24,33,5,529.26,52.93,2381.67,0.00
1929,20261118,175,8,40,3,633.93,0.00,1901.79,0.00
1930,20260407,25,21,5,5,2603.90,390.58,11066.58,0.00
1931,20260929,167,4,39,2,1191.21,119.12,2144.18,0.00
1932,20260109,37,14,28,5,3150.34,0.00,15751.70,0.00
1933,20260625,22,20,14,5,199.76,0.00,998.80,0.00
1934,20261122,153,6,5,1,2603.90,390.58,2213.32,0.00
1935,20261012,120,23,21,3,8200.26,0.00,24600.78,0.00
1936,20260402,90,18,34,4,340.25,0.00,1361.00,0.00
1937,20261209,157,4,39,1,1191.21,119.12,1072.09,0.00
1938,20260512,20,8,23,2,16268.02,1626.80,29282.44,0.00
1939,20260701,90,6,17,5,4838.04,483.80,21771.18,0.00
1940,20260212,192,22,6,2,572.05,57.20,1029.69,0.00
1941,20261014,85,13,15,4,494.31,0.00,1977.24,0.00
1942,20260207,176,2,4,3,703.29,0.00,2109.87,0.00
1943,20260718,99,15,2,4,3061.98,0.00,12247.92,0.00
1944,20260314,163,16,37,4,157.45,7.87,598.31,0.00
1945,20260726,81,4,11,3,508.89,50.89,1374.00,0.00
1946,20260712,65,5,24,2,19390.95,969.55,36842.80,0.00
1947,20260706,156,12,25,2,2914.87,0.00,5829.74,0.00
1948,20261003,194,1,35,2,250.64,37.60,426.09,0.00
1949,20260511,35,8,38,4,1104.26,110.43,3975.34,0.00
1950,20260719,150,2,37,5,157.45,7.87,747.89,0.00
1951,20261002,43,14,35,2,250.64,25.06,451.15,0.00
1952,20260406,170,5,15,1,494.31,0.00,494.31,0.00
1953,20261031,185,5,17,1,4838.04,483.80,4354.24,0.00
1954,20260907,103,3,25,2,2914.87,291.49,5246.77,0.00
1955,20260716,139,18,26,3,4860.09,0.00,14580.27,0.00
1956,20261210,174,4,37,2,157.45,7.87,299.15,0.00
1957,20261231,81,12,37,2,157.45,0.00,314.90,0.00
1958,20261129,172,19,33,2,529.26,0.00,1058.52,0.00
1959,20260627,60,24,10,5,373.96,0.00,1869.80,0.00
1960,20261028,133,6,9,1,278.18,13.91,264.27,0.00
1961,20260913,170,16,31,4,2187.92,109.40,8314.10,0.00
1962,20261128,102,19,13,5,392.05,39.21,1764.22,0.00
1963,20260101,182,14,40,1,633.93,31.70,602.23,0.00
1964,20260206,171,22,7,1,3413.55,341.36,3072.20,0.00
1965,20261019,170,20,18,2,57972.29,0.00,115944.58,0.00
1966,20260622,170,10,31,2,2187.92,109.40,4157.05,0.00
1967,20260813,140,7,28,3,3150.34,315.03,8505.92,0.00
1968,20260706,123,24,30,4,608.05,30.40,2310.59,0.00
1969,20260813,85,12,38,3,1104.26,0.00,3312.78,0.00
1970,20260428,101,9,34,5,340.25,34.02,1531.12,0.00
1971,20260806,40,2,13,5,392.05,39.21,1764.22,0.00
1972,20260828,152,5,5,5,2603.90,0.00,13019.50,0.00
1973,20260824,74,22,24,1,19390.95,969.55,18421.40,0.00
1974,20260622,153,5,14,5,199.76,0.00,998.80,0.00
1975,20260215,164,22,21,2,8200.26,0.00,16400.52,0.00
1976,20261107,160,18,36,2,1192.53,119.25,2146.55,0.00
1977,20260419,62,24,5,4,2603.90,260.39,9374.04,0.00
1978,20261003,106,13,10,4,373.96,37.40,1346.26,0.00
1979,20260130,57,4,8,1,1136.39,113.64,1022.75,0.00
1980,20261010,66,10,38,5,1104.26,110.43,4969.17,0.00
1981,20260207,80,1,27,5,4721.70,708.26,20067.22,0.00
1982,20260722,62,8,11,3,508.89,0.00,1526.67,0.00
1983,20260211,164,24,16,2,505.66,25.28,960.75,0.00
1984,20260515,52,13,12,5,269.11,0.00,1345.55,0.00
1985,20260415,80,6,29,5,807.07,0.00,4035.35,0.00
1986,20260810,78,17,30,2,608.05,91.21,1033.68,0.00
1987,20260130,144,23,29,5,807.07,0.00,4035.35,0.00
1988,20260812,146,20,22,3,3028.92,302.89,8178.08,0.00
1989,20261014,115,23,19,3,18972.21,0.00,56916.63,0.00
1990,20260117,112,6,20,1,41369.75,4136.98,37232.78,0.00
1991,20260629,74,4,18,4,57972.29,0.00,231889.16,0.00
1992,20261222,45,2,15,5,494.31,0.00,2471.55,0.00
1993,20261230,194,4,15,3,494.31,49.43,1334.64,0.00
1994,20260607,161,1,13,5,392.05,19.60,1862.24,0.00
1995,20260227,148,13,2,5,3061.98,306.20,13778.91,0.00
1996,20260321,14,23,27,3,4721.70,236.08,13456.84,0.00
1997,20261018,25,16,3,2,1046.07,52.30,1987.53,0.00
1998,20260813,75,19,32,2,4212.19,210.61,8003.16,0.00
1999,20260519,22,6,22,4,3028.92,0.00,12115.68,0.00
2000,20260512,185,5,23,4,16268.02,813.40,61818.48,0.00